system:index,AREASYMBOL,FA_30_max,FA_30_mean,FA_60_max,FA_60_mean,Fail_Type,MUKEY,MUSYM,Note,Notes,Shape_Leng,Structure_,Type,aspectD_60,aspectU_60,berm_angle,berm_elev,channel_1000m,channel_100m,channel_10m,channel_200m,channel_500m,channel_700m,compare,convD_60,convU_60,id,landform,latitude,longitude,other_dist,other_elev,road_dist,saviD_60,saviU_60,savi_background,slopeD_100,slopeD_200,slopeD_60,slopeU_100,slopeU_200,slopeU_60,slope_100,slope_200,surf_clayD_60,surf_clayU_60,surf_clay_background,surf_claybg,surf_sandD_60,surf_sandU_60,surf_sand_background,surf_sandbg,surfsocD_60,surfsocU_60,surfsoc_background,surfsocbg,zD_60,zU_60,.geo
00000000000000000088,AZ669,2314.0,149.5498061954432,2321.0,134.31558224725262,,53807,30,MLC,,129.760860282,,Berm,-60.46749877929686,0.0,20.193227213525155,927.1849854866333,1.0,0.1697493349595719,0.01745770553166435,0.36502675933422424,0.8117977646230036,0.9997844532999676,0,0.20185550258514864,0.08851750226974862,00000000000000000088,1,31.811530495289436,-111.40596440667636,66.77977523346375,926.9352240078692,269.37878450975035,0.11961096611812827,0.18777580105989838,0.13816533206420442,-1.0384991104289156,-1.1534341026161883,0.0725729482458822,1.0384991104289156,1.1534341026161883,0.43105375833704335,1.0384991104289156,1.1534341026161883,26.67577501571795,27.622297460701333,27.70936047349128,27.73602794411178,47.818590704647676,47.0,46.59582172789816,46.75548902195608,1.0,1.0,1.0,1.0,926.4004002786895,926.8694289523033,"{""type"":""LineString"",""coordinates"":[[-111.40659213279353,31.811761367170018],[-111.40533668369719,31.811299620328217]]}"
0000000000000000009e,AZ669,28208.0,4321.462156585949,28230.0,2427.6941499290665,,53793,27,MLC,,55.9000517222,,Berm,113.02252197265625,49.639693248593375,-42.238231773013176,,0.0,0.0,0.0,0.0,0.0,0.0,1,-0.26429116116512325,-0.11178858392887998,0000000000000000009e,0,31.80183100048871,-111.42927339853861,42657.18677025791,954.6217762793766,370.268149972302,0.15118009780990857,0.13623223319682004,0.13427670724554308,-0.8671639510029081,-1.1956027969740717,0.13624686486612822,0.8671639510029081,1.1956027969740717,1.3670149836923429,0.8671639510029081,1.1956027969740717,28.787383961525542,28.008836689038052,27.680832675214443,28.281659388646293,47.0,47.0,48.41550140914866,47.0,1.0,1.0,1.0,1.0,954.2148568289621,954.6217216607776,"{""type"":""LineString"",""coordinates"":[[-111.42943218319081,31.80162793613736],[-111.42926039984792,31.801901696375538],[-111.42905097726445,31.801974056349238]]}"
000000000000000001db,AZ669,48.0,9.830997937264385,1050.0,22.036742778297064,,53807,30,TCD,,31.4812132422,,Berm,-90.00000000000004,89.99999999999994,-25.880446433184495,894.5141575920511,1.0,0.41909754993858683,0.050014868446570535,0.5430047191156506,0.9121533389359365,1.0,0,0.05229168056646577,0.03862663009796022,000000000000000001db,1,31.875514753948032,-111.40321131471615,71.75968371647461,894.1493648558624,33.17637922097384,0.09761651212297089,0.14922379865983948,0.13969806932554674,-1.7687319100622287,-1.4245783487955919,0.7249959309895834,1.7687319100622287,1.4245783487955919,0.9219026825081754,1.7687319100622287,1.4245783487955919,27.0,27.0,25.796752014314862,27.0,46.0,46.0,47.632481925467815,46.0,1.0,1.0,1.0,1.0,893.3451480865479,894.2366143588362,"{""type"":""LineString"",""coordinates"":[[-111.40306729623742,31.875584624701403],[-111.40335533297643,31.875444883032316]]}"
000000000000000001dc,AZ669,42.0,2382.6007700281357,1336845.0,75113.39501608815,,53807,30,TCD,,28.1085340523,,Berm,-180.0,113.00620059663197,15.691613538433415,894.4240777792095,1.0,0.5617094919173969,0.07294132255135537,0.7479873037553252,0.9736979752749172,1.0,0,0.03129398302337252,0.022987198885004646,000000000000000001dc,1,31.87494120055301,-111.40260791348148,54.37087459728811,894.9910278320312,47.77954985792668,0.15117785084672503,0.11821551577714859,0.14153176661435551,-1.48101806640625,-1.54351806640625,0.7291072429995893,1.48101806640625,1.54351806640625,0.5019752415211087,1.48101806640625,1.54351806640625,27.0,27.0,25.713852023038847,27.0,46.0,46.0,47.828391300366526,46.0,1.0,1.0,1.0,1.0,894.1816040039063,894.7715680757316,"{""type"":""LineString"",""coordinates"":[[-111.40274978459834,31.874981056223813],[-111.40246604248733,31.87490134472468]]}"
000000000000000001de,AZ669,31.0,3.1784604206192224,104525.0,2638.4977168261626,,53806,3,TCD,,90.2959548544,,Berm,49.65707397460932,-90.00000000000006,-46.98449351733685,,1.0,0.2159997411424528,0.02081364742007656,0.4228588096210599,0.8834564235359662,1.0,1,0.054056656587437156,-0.29281278293355656,000000000000000001de,0,31.85912370578555,-111.43065959902614,42644.21441594605,923.2218884419839,457.6680689396959,0.23188839659920968,0.1456719892167484,0.1358387118066262,-0.5619203274142137,-0.6005216557929316,0.8344516095710711,0.5619203274142137,0.6005216557929316,0.00601204261802953,0.5619203274142137,0.6005216557929316,29.0,28.175356415478618,26.500862862132454,29.0,48.0,48.228105906313644,47.92943429070391,48.0,1.0,1.0,1.0,1.0,922.2616226946722,923.0192391931091,"{""type"":""LineString"",""coordinates"":[[-111.43096684037165,31.858811343436976],[-111.43070040622774,31.859063032743002],[-111.43037162969769,31.859449282506414]]}"
000000000000000001df,AZ669,233.0,19.18212973625048,250.0,22.279217953153076,,53806,3,TCD,,155.305633318,,Berm,-130.3404761947068,-180.0,79.88275689480355,908.4093973044853,1.0,0.1769557610597351,0.019186329697439126,0.426406197085541,1.0,1.0,0,-0.09411226683975475,-0.07136390461968636,000000000000000001df,1,31.866811520754172,-111.41053381946027,102.31670912466026,906.4950851440428,82.81704839919253,0.10903144779146384,0.12568316058247114,0.11635253928945252,-2.0201403568893284,-1.716009553645506,1.612602970065306,2.0201403568893284,1.716009553645506,0.6354084147216099,2.0201403568893284,1.716009553645506,26.0,26.0,26.805678539682223,26.0,45.33163175497271,46.0,46.15888923580368,46.0,1.0,1.0,1.0,1.0,905.3666707624776,906.3376298567235,"{""type"":""LineString"",""coordinates"":[[-111.41058273249733,31.866151602950968],[-111.41041624166652,31.866474580505646],[-111.41040622291769,31.86658209287502],[-111.41062440881444,31.86726657370517],[-111.41066678638381,31.86735600354138],[-111.41080874852962,31.867418241684607]]}"
000000000000000001e0,AZ669,96097.0,2482.3017202833403,96115.0,3378.420048529859,,53806,3,TCD,,188.404142545,,Berm,113.01034545898438,113.01046633657558,-19.85567102729025,913.1659375262515,1.0,0.27678201019116766,0.031757687574722714,0.42266738318754943,0.6826620617946753,0.8670907735099667,0,0.2907880821054911,-0.1232943306527067,000000000000000001e0,0,31.855764751131343,-111.39625704826159,36.161953587333144,913.0647069085222,101.43552641467974,0.12534434220695526,0.1508408101838837,0.11376550375112986,-1.8487532595897846,-1.7040445400066346,-0.19434734764634715,1.8487532595897846,1.7040445400066346,0.8325366455917067,1.8487532595897846,1.7040445400066346,27.371472670536527,26.461107194413657,25.67438549905102,27.06886280007009,50.209509109821184,50.351730620740575,50.55354338254824,50.28386192395304,1.0,1.0,1.0,1.0,912.5144131076926,913.1327277982513,"{""type"":""LineString"",""coordinates"":[[-111.3971764699519,31.855432724957048],[-111.39533761994996,31.856096770691597]]}"
000000000000000001e2,AZ669,25458.0,2296.93130444371,25523.0,1646.6498482763825,,53759,19,TCD,,53.8244517968,,Berm,-74.19061279296875,-49.65391540527344,73.4932387704113,1122.4501708984376,0.0,0.0,0.0,0.0,0.0,0.0,0,-1.6670021125196794,-0.561131411083469,000000000000000001e2,0,31.84842613815444,-111.54479458488694,111.82440445992114,1124.3610825017397,58.56513046426673,0.2600051975051975,0.20911573916012288,0.1752957184156325,-6.039761013454836,-7.75347900390625,6.879814569965674,6.039761013454836,7.75347900390625,3.433593421694165,6.039761013454836,7.75347900390625,19.0,19.0,20.105056184947074,19.0,60.0,60.0,58.82297477241459,60.0,2.0,2.0,2.0331846151096924,2.0,1120.3358814601952,1123.4525742446356,"{""type"":""LineString"",""coordinates"":[[-111.54486417003527,31.8486609513048],[-111.54472500009292,31.84819132496621]]}"
000000000000000001e8,AZ669,14709.0,691.250045846323,14782.0,916.7646099031002,,53793,27,TCD,,74.8085337641,,Berm,-90.0,-90.0,-63.956061978380006,1058.6002634030965,0.0,0.0,0.0,0.0,0.0,0.0,1,0.32572038088552585,-0.12762023557156696,000000000000000001e8,0,31.80728048152963,-111.50338539053567,107.70593627724524,1057.3329425104484,366.5775485150685,0.16621621621621624,0.16737288135593217,0.16232026205256106,-4.461079401187362,-4.120677668959274,2.8405360870355403,4.461079401187362,4.120677668959274,1.459856344408763,4.461079401187362,4.120677668959274,28.0,28.0,26.933481038409358,28.0,47.980003619254425,47.55673085616128,49.60627814505911,47.79046836483156,2.0,2.0,2.0,2.0,1055.6330400631753,1057.476683110012,"{""type"":""LineString"",""coordinates"":[[-111.50356825098588,31.80703482627333],[-111.5034320750003,31.80706671335483],[-111.50336443620654,31.807165504549168],[-111.5033497966616,31.807367088206224],[-111.50335598778838,31.807541719385753],[-111.50329854543261,31.807586730018215]]}"
000000000000000001e9,AZ669,273.0,22.04430341124062,275.0,19.53666092943202,,53757,18,TCD,,45.527130183,,Berm,-90.0,-130.35860019362735,-84.4601256841836,1060.297627886604,0.0,0.0,0.0,0.0,0.0,0.0,1,0.4820165090248975,0.6572707660228103,000000000000000001e9,0,31.80777485990675,-111.5043993545655,45.774735947497895,1059.0980224609375,416.560826140673,0.16176167935789257,0.17139202728629288,0.16624632955394691,-4.547176836566223,-5.7840532238165,1.3979987308255204,4.547176836566223,5.7840532238165,2.005101613730934,4.547176836566223,5.7840532238165,27.718790126979602,25.0,25.985359033438094,25.0,47.37494649736053,51.0,51.09769507076006,51.0,2.0,2.0,2.0,2.0,1057.588896736356,1059.1803176501567,"{""type"":""LineString"",""coordinates"":[[-111.50433880078614,31.807936402402145],[-111.50443295171361,31.807891245842296],[-111.50437356308892,31.807577996688046]]}"
000000000000000001ea,AZ669,270.0,22.587359687652516,273.0,21.289296731097846,,53757,18,TCD,,159.795745645,,Berm,-130.35834835316086,-98.06154632568361,43.66513978470602,1057.3619107333097,0.0,0.0,0.0,0.0,0.0,0.0,0,0.93756474153455,1.0370896437574895,000000000000000001ea,0,31.808315428966036,-111.50532857912414,100.54309151795316,1060.4901612455362,451.4076528557106,0.15880859273163359,0.1648512518865938,0.16969339416417978,-6.601038032842325,-5.3580603193702245,2.1873472233278335,6.601038032842325,5.3580603193702245,3.275138832734683,6.601038032842325,5.3580603193702245,25.0,24.989232028255167,24.912273935921952,25.0,51.0,51.04475169057156,52.72177922864183,51.0,2.0,2.0,2.0,2.0,1058.515441270725,1061.3301372448586,"{""type"":""LineString"",""coordinates"":[[-111.50585916084896,31.808812604336573],[-111.5056807613107,31.808795399782962],[-111.50530579210191,31.808313227163328],[-111.50497787772224,31.807803996620834],[-111.50483118852196,31.807831448555884]]}"
000000000000000001eb,AZ669,41.0,5.458658119035476,286.0,19.983994196195784,,53793,27,TCD,,31.1390375763,,Berm,130.35824584960938,-149.52897672302845,57.240078779188906,1057.3190277942374,0.0,0.0,0.0,0.0,0.0,0.0,0,0.3100854255720165,0.5044480034441993,000000000000000001eb,0,31.80876479544406,-111.50298983517649,124.12750138401535,1054.9759521484377,247.3318101402466,0.16221755123489226,0.15114641995172973,0.1643442453180984,-4.8470458984375,-4.862289649205536,1.6969562208127325,4.8470458984375,4.862289649205536,1.9547146872059784,4.8470458984375,4.862289649205536,28.0,28.0,26.82422329257939,28.0,47.0,47.0,49.6729234764434,47.0,2.0,2.0,1.9972636483640818,2.0,1053.4721503246515,1055.284912109375,"{""type"":""LineString"",""coordinates"":[[-111.50301708415113,31.808873128961483],[-111.50305867354884,31.808805789364463],[-111.50288486360617,31.808667647313005]]}"
000000000000000001ee,AZ669,82.0,108.88950163398694,63679.0,3358.667114210232,,53793,27,TCD,,34.7211182726,,Berm,130.36062622070312,-49.63946736990903,-78.78537153633621,1022.3376890696347,0.0,0.0,0.0,0.0,0.0,0.0,1,-1.4058241519165875,-0.251343480393496,000000000000000001ee,0,31.80128967577738,-111.48437599725001,121.29269270883138,1019.176025390625,196.78258619722618,0.11834350118912207,0.1624375624375625,0.14785678447002024,-2.4057770976870643,-2.404510498046875,1.1898067853540322,2.4057770976870643,2.404510498046875,1.1471848260790314,2.4057770976870643,2.404510498046875,28.086516853932583,26.994060041740248,26.23796183839569,27.5,43.60898876404495,44.337293305506506,46.62003951352748,44.0,1.0,1.0,1.0,1.0,1017.7748077392578,1019.5012871809066,"{""type"":""LineString"",""coordinates"":[[-111.48440665382401,31.8011350557017],[-111.48434534057341,31.80144429584569]]}"
000000000000000001f2,AZ669,97.0,20.311419753086426,1569.0,61.57283609411173,,53793,27,TCD,,60.9695475062,,Berm,-89.99999999999997,-49.64141845703125,-73.32844130954281,1017.4229890796247,0.0,0.0,0.0,0.0,0.0,0.0,1,0.05293187057839025,0.17717378339637138,000000000000000001f2,0,31.807724220877045,-111.48577569260755,97.38821599714505,1019.6665997540509,465.2282335781837,0.11285682673157774,0.14830508474576273,0.14985492695005145,-3.5171842275129843,-3.6339662149524656,1.4002990975577252,3.5171842275129843,3.6339662149524656,1.3850934065773874,3.5171842275129843,3.6339662149524656,25.75440818314661,26.005262644966372,26.977040342207097,26.13438520130576,48.05806137359961,48.984212065100856,49.01557229387317,48.5968443960827,1.0,1.0,1.3265410951386543,1.0,1018.7303727359671,1020.0982730819519,"{""type"":""LineString"",""coordinates"":[[-111.4858555819989,31.807457453832708],[-111.4856958027548,31.807990987871477]]}"
000000000000000001f3,AZ669,948.0,88.56337433104873,960.0,96.46386911074086,,53793,27,TCD,,71.3539384089,,Berm,-113.02132544974035,-180.0,75.1686475981749,1019.5990459247178,0.0,0.0,0.0,0.0,0.0,0.0,0,0.023597445796284863,0.1931828374728173,000000000000000001f3,0,31.806847846914888,-111.48644351337879,85.93984365177936,1020.552001953125,390.7449072605411,0.11414790996784561,0.20353933207589042,0.15083232546915057,-3.745251464843591,-3.77794453684578,1.6128243799856061,3.745251464843591,3.77794453684578,1.5060228856776803,3.745251464843591,3.77794453684578,27.0,27.0,26.98775253398236,27.0,46.0,46.0,48.87363828698651,46.0,1.0,1.0,1.4100363676590577,1.0,1019.5038528143141,1021.0358606519353,"{""type"":""LineString"",""coordinates"":[[-111.48653576770936,31.807159284429257],[-111.48642381134933,31.806810400543423],[-111.4863699158833,31.806532948408456]]}"
000000000000000001f6,AZ669,492.0,25.100718040774463,511.0,37.11487809960407,,53793,27,TCD,,39.6526755888,,Berm,-90.00000000000001,-90.0,54.88923533168737,1043.656744860332,0.0,0.0,0.0,0.0,0.0,0.0,0,-0.211754192202559,-0.5667574299441318,000000000000000001f6,0,31.810124986823162,-111.49613015047129,88.55872553244143,1038.845947265625,281.0064085097262,0.1466933867735471,0.1652485445588894,0.14152214764044477,-4.790266642544566,-4.548787738228839,1.6990262968045047,4.790266642544566,4.548787738228839,2.4705735352843776,4.790266642544566,4.548787738228839,27.45830353311401,28.0,27.250131109333726,28.0,47.54169646688599,47.0,48.80728415408764,47.0,1.0,1.0,1.4855431241335522,1.0,1037.6987751624988,1039.229718017578,"{""type"":""LineString"",""coordinates"":[[-111.49602181756526,31.809970905929553],[-111.49623848373874,31.810279067625032]]}"
00000000000000000205,AZ669,86.0,9.369318748545401,360.0,18.102810545071456,,53806,3,TCD,,120.213018968,,Berm,-49.63929431333651,90.0,-23.41166652895275,933.7591274729083,1.0,0.46387664972651205,0.05605686741981715,0.6969141216808868,0.9509447544165236,1.0,0,-0.13771875180110804,-0.2749884770307466,00000000000000000205,1,31.80043078989449,-111.4020822355468,210.2964310579778,934.5276951891309,55.230867827568375,0.16872357300984595,0.16072455050211443,0.15902650390724346,-1.2324172824429525,-0.6503343558748043,0.5739613262886678,1.2324172824429525,0.6503343558748043,0.7040463614653921,1.2324172824429525,0.6503343558748043,29.216415551575185,28.67717116357503,28.113222840622473,28.90245924288477,42.78358444842482,43.32282883642495,45.358736268881245,43.09754075711523,1.0,1.0,1.0,1.0,933.8161596164014,934.3864719961665,"{""type"":""LineString"",""coordinates"":[[-111.40265590390095,31.800219661635868],[-111.4025460372245,31.80027822805344],[-111.40235733918816,31.80029673809284],[-111.401865258256,31.800490862810292],[-111.40169801910756,31.80062126371662],[-111.40154105405243,31.80070236978395]]}"
0000000000000000020a,AZ669,241.0,23.552362103089237,252.0,26.754083083241195,,53738,1,TCD,,82.3076178793,,Berm,-105.81815338134764,-130.3627236565009,57.699843713501515,1016.5825225655026,0.0,0.0,0.0,0.0,0.0,0.0,0,0.4024532956839055,0.2994170496322169,0000000000000000020a,0,31.794430478488522,-111.47979936348493,189.19616589542716,1021.3653529056562,94.7757703616462,0.1574992332072385,0.1776315789473684,0.14797229736742143,-4.08967910274373,-4.133110240214023,1.6157343494567538,4.08967910274373,4.133110240214023,1.7751454804558382,4.08967910274373,4.133110240214023,24.927145930707024,25.0,25.729279176843427,25.0,48.16232658209065,48.0,47.56973647293701,48.0,1.0,1.0,1.0,1.0,1020.0113939055071,1021.4030985018102,"{""type"":""LineString"",""coordinates"":[[-111.48000554500112,31.794756622109563],[-111.4795931834238,31.79410433453524]]}"
0000000000000000020b,AZ669,306.0,42.23202699195432,312.0,29.003995733063334,,53738,1,TCD,,60.2789239684,,Berm,-74.18188084420606,-89.99999999999999,49.432112829357195,1021.2678303737997,0.0,0.0,0.0,0.0,0.0,0.0,0,0.264302856465643,0.3959135789089104,0000000000000000020b,0,31.794870039606813,-111.47723493579117,132.465166293319,1016.3574771521224,163.89591295630925,0.156074578989575,0.1636107927909157,0.14933908798634968,-3.930667324262231,-3.9881490071613257,1.6049806968464964,3.930667324262231,3.9881490071613257,1.959603199640393,3.930667324262231,3.9881490071613257,23.88096419006051,23.99692368760543,24.368598015216428,23.831704668838224,49.124789207419894,50.0,49.40332035273294,49.6769815418024,1.0,1.0,1.0,1.0,1015.0423885988283,1016.707285563151,"{""type"":""LineString"",""coordinates"":[[-111.47742220485834,31.795088777518192],[-111.47704766761039,31.794651301421332]]}"
00000000000000000246,AZ669,998.0,128.79873208379271,1116.0,112.34525982989713,,53902,85,TCD,,194.393870625,,Berm,-8.526512829121202E-14,-21.41524255329159,-21.974731045208262,,0.0,0.0,0.0,0.0,0.0,0.0,1,0.7960278479970009,0.4456226981518718,00000000000000000246,0,31.79858190432236,-111.22778037380402,42657.942931564765,1182.9102565320188,720.4237528052201,0.11928690368832744,0.13494408771159286,0.14987399271027554,-5.732054682882563,-4.885155312060533,3.1491862393412853,5.732054682882563,4.885155312060533,2.370378784676177,5.732054682882563,4.885155312060533,24.565961398156137,24.977781462444025,25.119660621256177,24.708166463520815,54.21701930092196,53.56799867352013,54.198740927999104,54.145916768239616,1.0,1.0,1.2332201437706027,1.0,1181.5547303554877,1183.6011449841485,"{""type"":""LineString"",""coordinates"":[[-111.22873333061604,31.798281855433682],[-111.22772187014202,31.798521024738207],[-111.22690505862265,31.799019587496872]]}"
00000000000000000267,AZ669,509.0,72.94430346517328,31051.0,266.09183412261626,,53806,3,TCD,,79.9833414859,,Berm,-90.00000000000004,-49.66179594395274,-89.82583215015417,894.4667734170439,1.0,0.10679264425886834,0.0066831871866520716,0.27298480871364855,0.7333623838489165,0.9936161021423658,1,-0.25849157692109276,-0.34460934676192473,00000000000000000267,1,31.874414281559858,-111.40528701097912,133.1396991922308,896.5449829101562,150.91615435750123,0.115641007928242,0.12001338851424123,0.13378559811875282,-0.9986964047544687,-0.6269843145619234,0.30592349485630166,0.9986964047544687,0.6269843145619234,0.22965351905440912,0.9986964047544687,0.6269843145619234,26.839827506545518,26.84014784014783,25.975496521082004,26.78664426711466,48.0,48.0,47.39752932351911,48.0,1.0,1.0,1.0,1.0,894.2748253815126,894.847452311721,"{""type"":""LineString"",""coordinates"":[[-111.40525955508758,31.874055023831744],[-111.40531475946757,31.87467733581796],[-111.40525740416818,31.87476260691442]]}"
0000000000000000026d,AZ669,75453.0,6421.747622067218,75460.0,4984.613627971159,,53806,3,TCD,,49.1853678492,,Berm,90.0,-30.470138549804688,4.8521832676378995,934.2655879429409,0.7762975008942816,0.0,0.0,0.0,0.0658759145765987,0.214005974199799,0,0.22736670547194976,-0.040687205248558594,0000000000000000026d,1,31.80551995278536,-111.39685103861477,54.8173457345886,933.4240112304688,672.461807834174,0.18815393866506314,0.2895992965707826,0.11809983237026297,-1.7474045166429732,-1.7951918205936293,0.8279571044353892,1.7474045166429732,1.7951918205936293,0.21178497910966598,1.7474045166429732,1.7951918205936293,30.0,28.0,27.774745770766014,30.0,44.0,44.0,46.30745765486078,44.0,1.0,1.0,1.4080893999873272,1.0,932.8550545590027,933.6523657754806,"{""type"":""LineString"",""coordinates"":[[-111.39710960521626,31.80551709570921],[-111.39680030092924,31.805540452109206],[-111.39660073933021,31.805473898283328]]}"
0000000000000000026e,AZ669,313.0,50.155794165316046,325.0,331.2031354307988,,53806,3,TCD,,35.4540187165,,Berm,130.35906172823167,119.53411865234375,49.48546417302223,933.7776136618714,0.8956408990062859,0.0,0.0,0.006986121028545396,0.43820516780298807,0.47866931901756965,0,0.3293593964662765,0.3671108584222689,0000000000000000026e,1,31.806059945052347,-111.3982341792395,96.94866948694164,932.8150024414062,555.0835551140827,0.2905124653739612,0.1529182879377432,0.1300076173586339,-0.6062136563389231,-0.586419916948671,0.22213287725378453,0.6062136563389231,0.586419916948671,0.21763432021941753,0.6062136563389231,0.586419916948671,29.438912596807338,29.0,28.51249988532214,29.0,44.56108740319267,45.0,45.807090454827666,45.0,1.0,1.0,1.3615410256175018,1.0,932.1583537724665,932.580604915338,"{""type"":""LineString"",""coordinates"":[[-111.39834486255069,31.806189471774655],[-111.39812349623863,31.805930418234272]]}"
0000000000000000026f,AZ669,75451.0,4747.219816410903,75456.0,4146.594318206863,,53806,3,TCD,,32.6760113955,,Berm,-158.58334159851074,-49.64059373779011,-21.20885765309306,934.1686004051796,0.843113418218647,0.0,0.0,0.0,0.19472569200320863,0.3131800400784225,0,-0.08614052247546156,-0.37373054291334146,0000000000000000026f,1,31.805352343975148,-111.39752318661813,45.89807501848621,933.0964380675008,600.086287015979,0.2735916756368856,0.20044500953591865,0.1262071828066873,-2.0183195863545507,-1.8577276907305418,0.5207650320871456,2.0183195863545507,1.8577276907305418,1.0247468369275718,2.0183195863545507,1.8577276907305418,29.95783030096923,28.0,28.137855366384677,28.0,44.01122258119367,44.0,45.857724911806855,44.0,1.0,1.0,1.3835711476100347,1.0,932.8948157516297,933.5584688700601,"{""type"":""LineString"",""coordinates"":[[-111.39768024938013,31.805291395272192],[-111.39736612364891,31.805413292485255]]}"
00000000000000000270,AZ669,738.0,70.35676951610186,747.0,51.12436200672227,,53807,30,TCD,,85.0605996626,,Berm,-130.3605040177645,-180.0,63.21291506373919,934.3552511325058,1.0,0.4259915323521779,0.04130814336324956,0.7292021712853641,0.9878950710570474,1.0,1,-0.05705567599748158,-0.11013337824765733,00000000000000000270,1,31.801619021139764,-111.4041119148613,207.03668091265388,932.3078887702883,128.87119818184425,0.14693877551020407,0.1640956002172732,0.16113158056310026,-1.3670776776402818,-1.0949358258928328,0.24324959910321317,1.3670776776402818,1.0949358258928328,0.3852312940017555,1.3670776776402818,1.0949358258928328,28.561509651397294,28.0,28.351513847598195,28.58828250401284,43.892538173437046,44.0,45.63125032597925,43.41171749598716,1.0,1.0,1.0,1.0,931.996462671088,932.4958637516673,"{""type"":""LineString"",""coordinates"":[[-111.40393471676907,31.80126803051858],[-111.40428911429971,31.8019700115155]]}"
0000000000000000027f,AZ669,138.0,14.997870423458101,152.0,12.349878356310468,,53806,3,TCD,,156.382477531,,Berm,-130.36020278930664,74.18308366332056,57.46150684670107,933.7343565072588,0.9900870921104848,0.008651043313384304,0.0,0.07975547034712065,0.5741605786000903,0.7672840264832074,0,0.26992404546198107,0.3853522192925675,0000000000000000027f,1,31.802722690898484,-111.39660409514553,171.4653037351327,936.3627155095882,637.5442223682672,0.21205489175440675,0.14758864439630603,0.14356965540478303,-0.1710992962500768,-0.39860568569247334,-0.4417423449507396,0.1710992962500768,0.39860568569247334,-0.20244506825993844,0.1710992962500768,0.39860568569247334,28.0,28.0,28.177238133837715,28.0,44.825216648358364,45.0,45.955845267044964,45.0,1.0,1.0,1.119398098111622,1.0,935.8784406431229,935.9928015995622,"{""type"":""LineString"",""coordinates"":[[-111.39702682323045,31.80332742529285],[-111.39624597960679,31.80221921914846],[-111.3962454826993,31.80210278272604]]}"
000000000000000002bc,AZ669,1388.0,191.5873129009266,1415.0,115.86565654994325,,53806,3,MLC;042919,,85.9066529971,,Berm,-90.00000000000001,-90.00000000000003,88.9039668097336,934.4544354000609,1.0,0.0,0.0,0.10604727320385153,0.9383681604572438,0.9964784237499597,1,-0.25454624997731373,-0.3425102946589484,000000000000000002bc,1,31.80360918171153,-111.40009801421218,270.88068396093826,934.0969703181548,301.52435897684364,0.16215743440233235,0.16352675207234363,0.15383731615583435,-0.7258759874005136,-0.7773330106970775,0.6761155603876053,0.7258759874005136,0.7773330106970775,0.5113421626723872,0.7258759874005136,0.7773330106970775,29.794992295839748,28.0,29.306096016774365,29.792264752791066,44.79499229583974,44.0,44.67217358449463,44.79226475279106,1.0,1.0,1.0,1.0,933.5273955303053,933.6366287490068,"{""type"":""LineString"",""coordinates"":[[-111.40001027933098,31.80323747489631],[-111.40015913622204,31.80370723714137],[-111.40013887449832,31.803873000938776],[-111.40002381582262,31.803945016639304]]}"
000000000000000002bd,AZ669,2236.0,178.41496098609076,2274.0,138.2834994250671,,53807,30,MLC;042919,,51.5176428118,,Berm,-49.64244079589844,-8.526512829121202E-14,13.260608865921073,926.9014313046293,1.0,0.2020629001702594,0.020688952303302064,0.42483453634205387,0.8742152466367712,1.0,0,0.10008539085033283,0.032348437007875715,000000000000000002bd,1,31.810831820058134,-111.40597970633178,37.12187366223336,927.3011990307488,294.11655955721693,0.19524759056164837,0.12740141557128415,0.14119500445426908,-1.265418907264575,-1.424740866802324,0.3863884263385368,1.265418907264575,1.424740866802324,0.8183273779337696,1.265418907264575,1.424740866802324,28.0,27.82757440985288,27.696843074565688,28.0,47.0,47.0,46.666727016684845,47.0,1.0,1.0,1.0,1.0,926.8223141925617,927.2218195319512,"{""type"":""LineString"",""coordinates"":[[-111.4062421988424,31.810893679829093],[-111.40571721417274,31.810769959748495]]}"
000000000000000002be,AZ669,123.0,44.41579462470828,2022.0,110.18365040931621,,53807,30,MLC;042919,,26.729271943,,Berm,21.417648315429744,-113.0206527709961,11.644160780173713,926.9336705415145,1.0,0.2158426558997767,0.021863660366330133,0.4500068359215761,0.8675098054709957,1.0,0,-0.01726868354496683,0.2260340111911363,000000000000000002be,1,31.8102729397055,-111.4063941919397,44.54995473504086,927.7760009765625,276.1843529319177,0.13064190164565492,0.15906932573599242,0.14507864789407465,-1.4207441616902088,-1.404510498046875,0.552922001591393,1.4207441616902088,1.404510498046875,0.6619759209689846,1.4207441616902088,1.404510498046875,27.345143312101904,27.00079538675682,27.69116594743383,27.192968750000002,47.0,47.0,46.534066927852436,47.0,1.0,1.0,1.0,1.0,927.1931009946031,927.7518651962956,"{""type"":""LineString"",""coordinates"":[[-111.40653329418271,31.810301604959186],[-111.40625508978302,31.810244274300523]]}"
000000000000000002bf,AZ669,920.0,124.03264298450142,3058.0,174.06985754227128,,53807,30,MLC;042919,,115.556170596,,Berm,66.97989814893575,-5.684341886080802E-14,-6.893951104212823,927.2059936523439,1.0,0.14681956466830426,0.015448313449161134,0.32459930516248897,0.7252300551960126,0.9708030376387374,0,0.06641335738719893,0.040978239734894964,000000000000000002bf,1,31.81230059407292,-111.40646603688535,60.72220795307339,926.534382779292,189.75688890660126,0.1760691236573097,0.1657242770988296,0.1372480578812247,-0.4680790494285247,-0.4686173614684322,0.15151377518748177,0.4680790494285247,0.4686173614684322,0.32774302184085025,0.4680790494285247,0.4686173614684322,26.694101433296588,26.621081051297583,27.644683561005643,26.64415294445995,46.22359426681366,46.68218634635516,46.3020613032391,46.4233882221602,1.0,1.0,1.0,1.0,926.3452028547015,926.5189419160614,"{""type"":""LineString"",""coordinates"":[[-111.40704497893176,31.81217640859989],[-111.40655797206352,31.812343664900887],[-111.40586558750346,31.81231900431097]]}"
00000000000000000324,AZ669,720.0,56.57712842712842,774.0,55.62238343365375,,53738,1,MLC;110222,,30.5938157221,,Berm,-158.58486366271973,-180.0,-31.111848126958165,1026.351689720222,0.0,0.0,0.0,0.0,0.0,0.0,0,-0.37262453359840586,-0.5175513263409834,00000000000000000324,0,31.798172359169314,-111.48447509779211,102.77155260377003,1024.8370361328125,487.9653204492935,0.16554421029763197,0.17202157598499063,0.15084904352574674,-1.2934469319075106,-1.1132019042968295,0.9310089595732051,1.2934469319075106,1.1132019042968295,0.5876708581502044,1.2934469319075106,1.1132019042968295,26.0,26.0,25.937047356504486,26.0,46.0,46.0,46.19892670849056,46.0,1.0,1.0,1.0103979732736128,1.0,1024.1527644557507,1024.5909514342175,"{""type"":""LineString"",""coordinates"":[[-111.4846057785928,31.798093490474734],[-111.4843444167684,31.79825122773041]]}"
00000000000000000325,AZ669,162.0,21.791072140294936,63291.0,2718.9323187921073,,53738,1,MLC;110222,,23.3996984327,,Berm,-180.0,-90.0,-6.575157842525059,1022.4704278954042,0.0,0.0,0.0,0.0,0.0,0.0,0,2.1405773208114494,0.015317531555849084,00000000000000000325,0,31.800124083212847,-111.4841077266412,108.08322330190616,1020.155029296875,319.5396579373051,0.13343653250773993,0.1534385813148789,0.148821715410189,-3.187198893229151,-2.8596598307291856,1.6176500166471894,3.187198893229151,2.8596598307291856,1.8676332491469338,3.187198893229151,2.8596598307291856,29.0,29.0,26.099214847364934,29.0,43.0,43.0,46.50962069680421,43.0,1.0,1.0,1.0,1.0,1019.2596224607378,1020.7854558771306,"{""type"":""LineString"",""coordinates"":[[-111.48422826171476,31.80011018972841],[-111.48398719153137,31.800137976583724]]}"
00000000000000000327,AZ669,12381.0,1055.5827615377382,12413.0,745.040367436373,,53738,1,MLC;110222,,71.0012447374,,Berm,-66.97624206542969,-90.00000000000006,67.11984879473972,994.8991259486143,0.0,0.0,0.0,0.0,0.0,0.0,0,0.09963521773869248,0.24949348551513667,00000000000000000327,0,31.795851289669464,-111.46927237662916,277.23913825820966,1002.8860141007358,622.7414570010026,0.2034909412284578,0.25877808988764045,0.17086066067654787,-3.46070318155887,-3.6114715878093193,0.8580661976740582,3.46070318155887,3.6114715878093193,1.88451624234195,3.46070318155887,3.6114715878093193,25.0,25.0,24.54181705113928,25.0,50.25470578260132,50.0,50.17592129759008,50.0,1.0,1.0,1.0,1.0,1001.3242398530715,1002.5818138122559,"{""type"":""LineString"",""coordinates"":[[-111.46939974778262,31.796153110021784],[-111.46914500630757,31.795549469190345]]}"
000000000000000001d9,AZ669,548.0,66.85864793678668,581.0,47.96569512003767,Flank,53806,3,TCD,,48.0171231273,,Berm,-119.51852416992189,90.00000000000006,-62.19594254382529,906.5276008939861,1.0,0.4323078089662467,0.046143782038860076,0.7468083006450198,1.0,1.0,1,-0.15723659262361014,-0.13975036244812067,000000000000000001d9,1,31.864495680470487,-111.40606781438079,42642.99425642189,903.5576659605142,557.6521204049823,0.11093045211371028,0.10355852098971369,0.1298069769079272,-1.386995172520301,-1.9195128357261524,0.5491137315292841,1.386995172520301,1.9195128357261524,0.6195753498404125,1.386995172520301,1.9195128357261524,28.0,28.823978664080496,27.16955637857012,28.0,45.0,44.1760213359195,45.88395514798015,45.0,1.0,1.0,1.0,1.0,902.8391141113773,903.3886459090972,"{""type"":""LineString"",""coordinates"":[[-111.40617189826406,31.864298301236296],[-111.4059637300518,31.86469305961991]]}"
000000000000000001da,AZ669,1336940.0,142854.63778759915,1336958.0,93603.4191162566,Flank,53807,30,TCD,,38.4960710918,,Berm,-66.99411773681639,-180.0,-29.64278307930239,894.4850954970346,1.0,0.6405974365234041,0.08378124521572179,0.8015022805921399,0.9896128579329712,1.0,0,-0.1177355050197631,-0.10291231958364777,000000000000000001da,1,31.875553356407597,-111.40233505026653,67.79803733462309,894.4249877929688,38.48858042747442,0.20821153542629406,0.20346618970299712,0.13769342625166928,-1.3715982117895464,-1.180336842256395,0.5054218372640662,1.3715982117895464,1.180336842256395,0.7508919076910084,1.3715982117895464,1.180336842256395,27.0,26.522780717225167,25.25946486449217,27.0,46.0,46.47721928277485,48.303700434452935,46.0,1.0,1.0,1.0,1.0,893.6546861803209,894.1601890311281,"{""type"":""LineString"",""coordinates"":[[-111.40250519255936,31.87545653380081],[-111.40216490761608,31.875650178787804]]}"
000000000000000001dd,AZ669,13046.0,1908.2340353425325,13063.0,1152.3606467053494,Flank,53759,19,TCD,,67.8088232722,,Berm,-113.00851102690339,-180.0,-86.21458687908932,1001.2388832449296,0.4196214940756512,0.0,0.0,0.0,0.03808203386318727,0.21659556271676986,1,-0.4681417153108888,-0.3509074933273136,000000000000000001dd,0,31.86434563780822,-111.49781834797547,202.31259773288562,1002.7796048940338,52.85552133038927,0.21795164233576642,0.13947603453408752,0.13912058570981417,-2.515100397054084,-2.3219918841589333,-0.825579617246793,2.515100397054084,2.3219918841589333,1.3391205718765302,2.515100397054084,2.3219918841589333,21.0,21.0,20.228997243679235,21.0,54.0,54.0,53.91980109525443,54.0,2.0,1.0064173083975065,1.0017760139480192,2.0,1000.9292698365399,1002.011882720455,"{""type"":""LineString"",""coordinates"":[[-111.49778571921199,31.86404882735546],[-111.49782822718424,31.864147183830376],[-111.49784560589167,31.864451641027177],[-111.49774689332924,31.864635638224648]]}"
000000000000000001e1,AZ669,96061.0,7104.956764691953,96072.0,5419.821651195878,Flank,53806,3,TCD,,70.1439994989,,Berm,130.34392093845884,130.34402448545598,-56.31378359686204,913.0647069085222,1.0,0.3228559411735113,0.03739199386800549,0.4771478965091088,0.7634976224518949,0.9321943713642493,0,-0.23485433401088254,-0.6980822035332285,000000000000000001e1,0,31.855461926131298,-111.3965651252945,16.306787078744385,913.1659375262515,73.61958477007833,0.12772925764192142,0.1595152499130233,0.11670943363126224,-2.1318389394926953,-2.59674007883757,1.1589097334924268,2.1318389394926953,2.59674007883757,1.769600502083222,2.1318389394926953,2.59674007883757,27.797308952906672,27.158512382431617,25.606222533840974,27.466666666666676,50.0,50.005781344378285,50.52968186188537,50.0,1.0,1.0,1.0,1.0,912.1284590740593,913.0974855797313,"{""type"":""LineString"",""coordinates"":[[-111.39672939127799,31.855178854535232],[-111.39654201781309,31.85553322818291],[-111.39636444709039,31.855726350545996]]}"
000000000000000001e3,AZ669,2848.0,293.38402683156914,3052.0,232.37203972498088,Flank,53907,9,TCD,,59.0292214538,,Berm,-130.3462174150094,-158.5744915008545,86.23448339343658,,0.0,0.0,0.0,0.0,0.0,0.0,0,-0.2611191493090865,0.1320195261000383,000000000000000001e3,0,31.848166874493966,-111.53012612843555,42646.69664995265,1080.885009765625,156.71818553028018,0.20998162890385794,0.19255319148936173,0.16773454486230926,-5.68167550223211,-5.335470253399876,2.9936930338540906,5.68167550223211,5.335470253399876,1.6796276170104343,5.68167550223211,5.335470253399876,23.0,23.0,23.604598630500682,23.0,53.0,53.0,52.52761910360486,53.0,2.0,2.0,2.0386107064953167,2.0,1078.8042851274479,1081.0079406738282,"{""type"":""LineString"",""coordinates"":[[-111.53013807353207,31.847903645420402],[-111.53010749181959,31.84806051384145],[-111.53011376276123,31.848239620243945],[-111.53017254891238,31.848427464400746]]}"
000000000000000001e4,AZ669,605928.0,3741.1705343511458,605965.0,18477.652377159146,Flank,53806,3,TCD,,171.00435922,,Berm,74.1908874511719,-49.654163348820674,-48.221444039373075,,1.0,0.17986902167659638,0.017577375321582888,0.3830075124570823,0.8989898191406491,1.0,0,-0.18575361057574072,0.6440974677790631,000000000000000001e4,0,31.84986804184202,-111.3958489623075,42646.31246840808,917.5186232820563,174.60935140519973,0.13707539702262506,0.15472410961719663,0.12453780005824686,-1.6893559361050166,-2.1541758880816246,0.10297646022100555,1.6893559361050166,2.1541758880816246,-0.8040533004998452,1.6893559361050166,2.1541758880816246,25.0,25.079333877308795,25.820528405565053,25.0,51.0,50.92066612269119,49.89961313148307,51.0,1.0,1.0,1.0,1.0,916.7464089284482,917.4518422702436,"{""type"":""LineString"",""coordinates"":[[-111.39641552464101,31.849268413426056],[-111.39582532398232,31.849892742032594],[-111.3954752747508,31.850238663775137],[-111.39532419319626,31.850489920994786]]}"
000000000000000001e6,AZ669,30224.0,3674.943708752103,30235.0,2304.4030677662918,Flank,53793,27,TCD,,81.7109311403,,Berm,-180.0,-89.99999999999999,60.906512063834406,1007.2338266762955,0.0,0.0,0.0,0.0,0.0,0.0,0,0.26431514317832505,-0.15763083589181143,000000000000000001e6,0,31.812418756427626,-111.47596944485635,147.06763115109533,1005.1371025237602,280.73904611918533,0.08892045454545457,0.18697083725305738,0.13140390296936585,-3.1031959631568498,-2.716230353057597,1.279180229307523,3.1031959631568498,2.716230353057597,1.3441317218422455,3.1031959631568498,2.716230353057597,23.0,23.0,22.775790841424953,23.0,53.0,53.0,51.90743482483423,53.0,1.0,1.0,1.0,1.0,1003.6957459091916,1005.0233002788373,"{""type"":""LineString"",""coordinates"":[[-111.47615471058289,31.812751700952923],[-111.47578418046548,31.812085811633974]]}"
000000000000000001e7,AZ669,5630.0,674.0631730078966,6517.0,476.1703906517382,Flank,53865,60,TCD,,76.947672427,,Berm,-49.64515686035156,-113.01848602294922,-60.418060535768056,,0.0,0.0,0.0,0.0,0.0,0.0,0,0.1328705453475374,-0.004105832958179851,000000000000000001e7,0,31.81988331792397,-111.36845299782388,42653.09966641145,967.791015625,65.08343843198423,0.2568954457985888,0.16459016393442621,0.1122004085822626,-1.9315555482110085,-2.8216835205905113,0.7934437139781872,1.9315555482110085,2.8216835205905113,0.8260289819785764,1.9315555482110085,2.8216835205905113,22.0,22.0,22.462077901482935,22.0,55.0,55.0,54.284155195228564,55.0,1.0,1.0,1.0,1.0,967.0075742780388,967.7460219376962,"{""type"":""LineString"",""coordinates"":[[-111.36857956183464,31.81956201628001],[-111.36852798461315,31.819781606143817],[-111.36849699547979,31.819902612066997],[-111.3682357991946,31.820167592343466]]}"
000000000000000001ec,AZ669,62043.0,4164.31528211636,62077.0,2883.005027226562,Flank,53738,1,TCD,,182.920811466,,Berm,-130.36155292214622,-149.5320472717285,7.184806772422116,1022.297795591266,0.0,0.0,0.0,0.0,0.0,0.0,0,0.47017106281218646,0.04172468121869719,000000000000000001ec,0,31.797867506333564,-111.48622079584497,166.38702787253533,1026.6314455157512,484.4805071898392,0.15009858440137666,0.15931566455696206,0.1498945942809757,-3.7048610885808553,-3.5878737983385345,2.3691297504478825,3.7048610885808553,3.5878737983385345,1.831647872592915,3.7048610885808553,3.5878737983385345,26.0,26.0,26.259065711507834,26.0,45.09525481932411,45.03851106168794,45.72645377170238,45.04419989175536,1.0,1.0,1.1266109897712167,1.0,1026.0154273089279,1027.4763379675942,"{""type"":""LineString"",""coordinates"":[[-111.48700607242796,31.797842499932845],[-111.48685520626984,31.798071473393172],[-111.4853164956955,31.79762951191747]]}"
000000000000000001ed,AZ669,60673.0,3828.066763786242,60687.0,2965.11006875017,Flank,53793,27,TCD,,109.684331896,,Berm,-113.02250210058833,-89.99999999999999,59.11376467871703,1020.7115272315774,0.0,0.0,0.0,0.0,0.0,0.0,0,0.7123301744869376,-0.0856480786633894,000000000000000001ed,0,31.80174080656797,-111.48655798404992,160.94624814714817,1022.3236783065461,96.10384787994467,0.15990673462748067,0.23275054636278486,0.1488052404953976,-2.8647904844307277,-2.79231240300453,1.3529998667189602,2.8647904844307277,2.79231240300453,0.5074861705628564,2.8647904844307277,2.79231240300453,26.0,26.0,26.237453750341256,26.0,46.0,46.0,47.60091251871173,46.0,1.0,1.0,1.2101405613037461,1.0,1020.9456945243091,1021.9918331849815,"{""type"":""LineString"",""coordinates"":[[-111.48676664141674,31.802182946899997],[-111.48675507383624,31.801976986612708],[-111.48625348834072,31.80132506294656]]}"
000000000000000001ef,AZ669,8168.0,780.5213327915479,8665.0,507.0629773305858,Flank,53793,27,TCD,,89.7604389145,,Berm,-130.35955199139067,-30.470062255859347,-89.18054233708538,1019.7783064891566,0.0,0.0,0.0,0.0,0.0,0.0,1,-0.20264494774464206,-0.2257868151927964,000000000000000001ef,0,31.804688407586536,-111.48388283994038,191.3815631519915,1017.3834008247042,120.01771668939523,0.10304174747371643,0.17846797553910523,0.1342736532702969,-2.4554559360851727,-2.745019776306208,1.432214821522469,2.4554559360851727,2.745019776306208,1.2278208627761462,2.4554559360851727,2.745019776306208,27.54877130535971,28.0,26.28502296927381,28.0,45.22561434732013,45.0,46.80868693796226,45.0,1.0,1.0,1.0394010251922974,1.0,1015.8198036093354,1016.8164022235298,"{""type"":""LineString"",""coordinates"":[[-111.4838881977843,31.80428531407082],[-111.48389495890426,31.80457638165769],[-111.48387006953757,31.804831742675013],[-111.48387666727645,31.805091462354593]]}"
000000000000000001f0,AZ669,5493.0,518.0765531646184,5512.0,459.9883119569715,Flank,53793,27,TCD,,67.5879169101,,Berm,-130.3596569243099,-60.4655861455621,-53.03169401914076,1019.6573451418527,0.0,0.0,0.0,0.0,0.0,0.0,1,0.19459362468183275,0.05057453376765259,000000000000000001f0,0,31.804523167890753,-111.48610767218291,119.37005094971941,1019.6550292968751,157.29413183171013,0.10280851855296197,0.15782813064963241,0.15468826389309967,-2.4461341868194495,-2.305865266132912,1.3565149097255849,2.4461341868194495,2.305865266132912,1.4261809552436944,2.4461341868194495,2.305865266132912,27.003388319215347,27.0,26.24614426411683,27.0,45.99661168078467,46.0,48.369878809060786,46.0,1.0,1.0,1.4174142149175073,1.0,1018.4614118439832,1020.097909856714,"{""type"":""LineString"",""coordinates"":[[-111.48630036119613,31.804267165566042],[-111.48591498210185,31.804779169925215]]}"
000000000000000001f1,AZ669,1990.0,307.15740740740733,2018.0,180.52857496996626,Flank,53793,27,TCD,,51.7915257968,,Berm,-180.0,-89.9999999999999,-64.51073871044643,1019.656640213823,0.0,0.0,0.0,0.0,0.0,0.0,1,-1.20633300329349,-0.11678252673226848,000000000000000001f1,0,31.80342934252921,-111.48698293562667,110.17121681183066,1021.327704163991,75.05970983975106,0.1330498177399757,0.14548022598870056,0.15187009982083519,-1.9503471750681456,-2.31506300167797,-0.536087070683872,1.9503471750681456,2.31506300167797,1.1706192469197656,1.9503471750681456,2.31506300167797,26.341562394318565,26.918733092876458,26.137147253286372,26.67232704402515,46.0,46.47046889089268,48.23611145179448,46.0,1.0,1.0,1.3583159584787436,1.0,1020.5071269646344,1021.604940359933,"{""type"":""LineString"",""coordinates"":[[-111.48708667386751,31.80321174528281],[-111.48687919689722,31.803646939691486]]}"
000000000000000001f4,AZ669,357.0,62.98240788126919,387.0,50.52099109594741,Flank,53793,27,TCD,,40.0254096842,,Berm,-90.00000000000003,-130.358020302017,-82.79368758960779,1014.5262715068616,0.0,0.0,0.0,0.0,0.0,0.0,1,-0.20814908143639688,-0.12355438662623464,000000000000000001f4,0,31.809547812633586,-111.48612611792072,165.38125712274098,1020.3489990234374,661.8740351244168,0.10336329370832122,0.131534030296565,0.14313368583473216,-3.9081330452057728,-3.6465683989807185,1.6975704324768988,3.9081330452057728,3.6465683989807185,1.3669791731746272,3.9081330452057728,3.6465683989807185,26.0,26.0,25.922348207876695,26.0,50.10867709815077,50.727518497438815,50.05189214774599,50.19296874999999,1.0,1.0,1.432890405132505,1.0,1019.1442332548254,1020.7687738591975,"{""type"":""LineString"",""coordinates"":[[-111.48614877877745,31.809368591927612],[-111.48610345697605,31.809727033335555]]}"
000000000000000001f5,AZ669,1198.0,147.28789742925596,19214.0,860.9881499192516,Flank,53793,27,TCD,,38.9778934473,,Berm,5.684341886080802E-14,-89.99999999999999,-61.725776563692634,1032.43207004568,0.0,0.0,0.0,0.0,0.0,0.0,1,0.47087579737159135,-0.0540350293866993,000000000000000001f5,0,31.80988991271239,-111.49140780822616,226.8202357364475,1029.4129638671875,547.3498735116353,0.12647952236304597,0.1293400062558649,0.1435295296294257,-3.548666817801404,-2.792426885560417,1.6468664681572893,3.548666817801404,2.792426885560417,1.2375094366408728,3.548666817801404,2.792426885560417,27.08669590643274,27.0,26.119874054593662,27.0,50.8266081871345,49.04262151510727,50.02909412519741,51.0,1.0,1.0,1.527238664536896,1.0,1028.0742997579414,1029.6758927055027,"{""type"":""LineString"",""coordinates"":[[-111.49149992187579,31.80973318057276],[-111.49141667791312,31.80985889583755],[-111.49132854504907,31.810051805199915]]}"
000000000000000001f7,AZ669,797.0,54.09986196963333,809.0,63.38409829852593,Flank,53793,27,TCD,,45.7616671578,,Berm,-105.81562805175778,-105.81571197509764,58.75917082523413,1046.6826362953368,0.0,0.0,0.0,0.0,0.0,0.0,0,0.231740480141341,0.3655637585983827,000000000000000001f7,0,31.810034140609638,-111.49817758774876,105.12284612978391,1043.6090087890625,113.9976760399963,0.15384615384615388,0.15602440264361966,0.1454993309019863,-4.484811589914216,-4.855560629198294,2.138465482614341,4.484811589914216,4.855560629198294,1.7892120733264012,4.484811589914216,4.855560629198294,28.0,28.003797949107483,27.716216984771805,28.0,47.7748797163839,48.996202050892514,48.193289433436156,49.0,1.3874398581919476,2.0,1.5400394422745567,2.0,1042.0075677268862,1043.8243172356024,"{""type"":""LineString"",""coordinates"":[[-111.49828870267788,31.81021731803664],[-111.49806647326032,31.80985096308612]]}"
000000000000000001f8,AZ669,371.0,52.271115037032004,483.0,37.994268411376666,Flank,53793,27,TCD,,34.6261442776,,Berm,-49.642181396484375,-180.0,55.82154570042888,1046.660777977413,0.0,0.0,0.0,0.0,0.0,0.0,0,0.5149992953879156,0.6928062074519872,000000000000000001f8,0,31.810076541951297,-111.4970686325604,87.75630579677197,1040.9859619140625,204.780596275817,0.16113720395722997,0.1860888565185725,0.14368814886369238,-4.84521484375,-4.707642502511817,1.882042727663702,4.84521484375,4.707642502511817,2.1303526417174603,4.84521484375,4.707642502511817,28.0,28.0,27.5973903871464,28.0,47.0,47.0,48.233498095495946,47.0,1.0,1.0,1.4699782610443815,1.0,1039.520311143663,1041.3870705997242,"{""type"":""LineString"",""coordinates"":[[-111.49716113858416,31.81021277036318],[-111.49697612680949,31.80994031347251]]}"
000000000000000001f9,AZ669,2630.0,214.1036947065137,2673.0,168.22087206779196,Flank,53793,27,TCD,,149.711731957,,Berm,-130.35758275566408,-90.0,40.91360199575945,1043.656744860332,0.0,0.0,0.0,0.0,0.0,0.0,0,-0.3629921156657103,-0.2839012498232498,000000000000000001f9,0,31.810824481934457,-111.50006158114249,192.1793124709918,1046.7535647083243,90.6551484149856,0.14505566470203016,0.1818894836862583,0.15322296658239767,-4.296778649104681,-4.494526601559187,2.1548531362490544,4.296778649104681,4.494526601559187,1.5496644825752053,4.296778649104681,4.494526601559187,28.0,28.0,27.058105616394105,28.0,48.686286303488565,48.22544892172866,49.12692316434528,48.48060046189381,2.0,2.0,1.694778828781978,2.0,1045.274057304635,1046.914122275604,"{""type"":""LineString"",""coordinates"":[[-111.4995530995361,31.810310885771244],[-111.50026508191822,31.811051495468185],[-111.50041796356096,31.81119868001956],[-111.50063851461621,31.8112515529253]]}"
000000000000000001fa,AZ669,1807.0,156.84746870443922,1969.0,145.49237511265042,Flank,53793,27,TCD,,63.4653630669,,Berm,-49.64039609553072,-90.0,-79.25780340666869,1032.3857993305592,0.0,0.0,0.0,0.0,0.0,0.0,1,0.12883459787022014,-0.24358657155212526,000000000000000001fa,0,31.8044036281562,-111.4924617275272,168.4638577060241,1031.8272374306957,20.582898257621395,0.20571923743500864,0.1824849007765315,0.15086407854486789,-5.515200860659888,-4.37093659572065,1.8084945424906587,5.515200860659888,4.37093659572065,1.7893523398902287,5.515200860659888,4.37093659572065,29.0,29.0,26.783579967705126,29.0,47.0,47.0,48.342200600168,47.0,2.0,2.0,1.2908830383237953,2.0,1030.7258663867838,1032.2141268659382,"{""type"":""LineString"",""coordinates"":[[-111.4924171359132,31.804687009293293],[-111.49243194139342,31.804512296154357],[-111.49252426546103,31.80412232203598]]}"
000000000000000001fb,AZ669,265.0,32.25803622104121,333.0,22.851509916135768,Flank,53793,27,TCD,,60.6162541073,,Berm,-66.97885131835935,-66.97885131835938,68.21769997712741,1031.960373834195,0.0,0.0,0.0,0.0,0.0,0.0,0,-0.11234906544354678,0.3681117882323326,000000000000000001fb,0,31.807567759111475,-111.49211514095737,133.83720963503507,1032.4173550664934,305.98151808131917,0.1665621079046424,0.16268498942917545,0.1450473978895137,-4.492276880296458,-4.122469726069653,1.626876444067117,4.492276880296458,4.122469726069653,2.0296223958333335,4.492276880296458,4.122469726069653,27.85076380728554,28.0,27.315639664589582,28.0,48.24197023110066,47.411776231997635,48.4996529453314,47.57290533188248,1.1480611045828435,1.5882237680023512,1.331797376021932,1.4270946681175194,1031.0822422357253,1032.6993637846376,"{""type"":""LineString"",""coordinates"":[[-111.49221877846539,31.807827102920506],[-111.49201150403121,31.80730841521848]]}"
000000000000000001fd,AZ669,6373.0,255.6412467532468,6428.0,351.75954426259136,Flank,53793,27,TCD,,60.2695258343,,Berm,-105.81680297851562,-130.3600891805121,73.00446021561527,1000.3435197560457,0.0,0.0,0.0,0.0,0.0,0.0,0,0.5643548573722936,-0.08753310709360332,000000000000000001fd,0,31.802843929681643,-111.46996845553664,259.5301896551934,999.1829833984375,211.21072031091228,0.10129081976688184,0.11720099827222111,0.11772388218049211,-3.1429861124529452,-2.9845030208152252,1.668256251766517,3.1429861124529452,2.9845030208152252,1.0953008312088741,3.1429861124529452,2.9845030208152252,27.0,27.0,26.146511923418995,27.0,44.0,44.0,45.82510493621174,44.0,1.0,1.0,1.0,1.0,997.8037958132002,999.2151071648849,"{""type"":""LineString"",""coordinates"":[[-111.4700484398399,31.80310561864134],[-111.46988847168645,31.80258224067193]]}"
000000000000000001ff,AZ669,8779.0,395.3757540377505,8801.0,452.2582935066593,Flank,53793,27,TCD,,123.657867252,,Berm,-90.0,-90.00000000000004,-85.72630539831141,1019.5990459247178,0.0,0.0,0.0,0.0,0.0,0.0,1,0.1371373540116927,-0.034315123725948166,000000000000000001ff,0,31.80644724327185,-111.48241274624719,204.5258804254661,1014.3501753332692,275.6827991333819,0.09709987867731709,0.14738067520372528,0.10307997521404906,-3.35827938172622,-3.1880489201805062,1.1994543894879446,3.35827938172622,3.1880489201805062,0.9188385192197757,3.35827938172622,3.1880489201805062,26.0,26.0,25.71847113869334,26.0,46.0,46.0,46.982300463986185,46.0,1.0,1.0,1.0,1.0,1012.9333601888021,1014.5030588549237,"{""type"":""LineString"",""coordinates"":[[-111.48245442318488,31.805889529839728],[-111.4823710688063,31.807004956690403]]}"
00000000000000000200,AZ669,1834.0,208.06315587407215,1851.0,127.93914996718998,Flank,53793,27,TCD,,126.049808964,,Berm,-74.18383026123044,-49.64110020580324,-79.55061292765916,1006.0338552223063,0.0,0.0,0.0,0.0,0.0,0.0,1,-0.16438278220779404,-0.05321499343350575,00000000000000000200,0,31.806762502396527,-111.47177058094988,42656.07650912951,1000.707544280562,218.79639243685853,0.10135406998543109,0.14973652691704753,0.1342937565217977,-2.470673986304405,-2.580102298714394,0.9796740887486521,2.470673986304405,2.580102298714394,0.6584132929128828,2.470673986304405,2.580102298714394,26.0,26.0,25.101936547606854,26.0,46.0,46.0,46.74337992968544,46.0,1.0,1.0,1.0,1.0,999.3009777894416,1000.4605010526265,"{""type"":""LineString"",""coordinates"":[[-111.47182093413672,31.80620704464158],[-111.47187476323532,31.806480025101695],[-111.47161679145155,31.807313956095797]]}"
00000000000000000201,AZ669,826.0,92.91026818515797,915.0,66.79715261203921,Flank,53793,27,TCD,,73.8049182493,,Berm,-130.35897825354812,-180.0,34.444050209743516,1000.707544280562,0.0,0.0,0.0,0.0,0.0,0.0,0,0.12085173134589258,-0.0689002818342236,00000000000000000201,0,31.806116628343958,-111.47565919057543,42656.22204500419,1006.3369750976564,127.03392038461129,0.10795168595873177,0.1298688193743693,0.11619725126109329,-2.2226072338871745,-2.244265352540822,1.1283753010080015,2.2226072338871745,2.244265352540822,0.5261767352069077,2.2226072338871745,2.244265352540822,25.001800769419656,25.0,24.735258135551746,25.0,47.99459769174099,48.0,48.13833304373831,48.0,1.0,1.0,1.0,1.0,1004.9028925979482,1005.8709895014923,"{""type"":""LineString"",""coordinates"":[[-111.47535395813074,31.805907285617092],[-111.47596442440337,31.806325970342492]]}"
00000000000000000202,AZ669,21712.0,1701.163100436682,21730.0,1252.1093273270396,Flank,53793,27,TCD,,79.9293885127,,Berm,-49.64208984375003,-49.64201354980469,-86.13723166628058,1014.4029389314717,0.0,0.0,0.0,0.0,0.0,0.0,1,0.1896228031055807,0.34759194336193233,00000000000000000202,0,31.81015543782268,-111.48238219637393,227.99259341958833,1014.2999877929688,534.0689773726514,0.11976166832174774,0.12437684403296366,0.1410433116062671,-3.3294348035883563,-3.239095877971579,1.3185519025821197,3.3294348035883563,3.239095877971579,1.3776955897359737,3.3294348035883563,3.239095877971579,23.0,23.0,24.264745053718617,23.0,52.0,52.0,51.69933080411372,52.0,1.0,1.0,1.1538927785932356,1.0,1013.0272912277694,1014.417304441274,"{""type"":""LineString"",""coordinates"":[[-111.48240654410677,31.809794837996364],[-111.48235784845102,31.81051603764437]]}"
00000000000000000203,AZ669,22256.0,1998.3197505879775,22332.0,1580.0098527703883,Flank,53793,27,TCD,,54.4246529294,,Berm,-49.641978891592885,-113.02058989952367,-41.47327848378311,1014.1576395130978,0.0,0.0,0.0,0.0,0.0,0.0,1,0.8857038515762229,-0.1227631787981629,00000000000000000203,0,31.809837475386697,-111.48001271756297,244.1287140297627,1010.3307821060409,561.4857372806149,0.1137161743441438,0.0984323733138899,0.11960234250579899,-2.8811595706088156,-2.350566071349249,0.9762893638122706,2.8811595706088156,2.350566071349249,0.9072564735051476,2.8811595706088156,2.350566071349249,23.869424343881626,23.0,24.165014036548666,23.0,50.826439140295925,53.0,50.35758144269788,53.0,1.0,1.0,1.0403076632047403,1.0,1009.4451653076366,1010.738603287738,"{""type"":""LineString"",""coordinates"":[[-111.48021370615163,31.809659822244065],[-111.4798117282012,31.810015128213525]]}"
00000000000000000208,AZ669,47894.0,1912.2392164622092,47909.0,1680.7570141517206,Flank,53738,1,TCD,,178.026904086,,Berm,-130.36347070102647,-113.02469936568916,59.465172314378435,,0.0,0.0,0.0,0.0,0.0,0.0,0,0.21113270971837478,0.48899599645524,00000000000000000208,0,31.79187935349202,-111.48760728020167,42659.44021143007,1037.7451511360487,119.67224594399399,0.15567410281280308,0.16400588173511182,0.1528588727921299,-4.364892551865751,-4.438963524152655,2.526997415831905,4.364892551865751,4.438963524152655,1.4473029628303873,4.364892551865751,4.438963524152655,28.020134228187906,29.0,26.437659678686813,28.08485586682907,46.48993288590603,46.0,46.631362039376505,46.457572066585456,1.0,1.0,1.3628049532548892,1.0,1036.453453346535,1038.2265161332577,"{""type"":""LineString"",""coordinates"":[[-111.48818393918998,31.792481866206597],[-111.48736208893108,31.791741605873735],[-111.48726667720693,31.791544922921958],[-111.48727624742598,31.79137023001125],[-111.48745385835905,31.79124415593127]]}"
00000000000000000209,AZ669,1243.0,166.30641111054163,1258.0,113.09494124390939,Flank,53738,1,TCD,,61.4590630256,,Berm,-105.81797790527347,-49.637680053710966,82.65164555768067,1021.2678303737997,0.0,0.0,0.0,0.0,0.0,0.0,0,0.3033590074889266,0.1767653701525861,00000000000000000209,0,31.795826400059294,-111.47836721660443,123.08513220253988,1017.3534108296532,33.19042783419482,0.13549920760697307,0.19148230088495571,0.1499226252729872,-4.263406013216468,-3.9457169309449682,1.6873409540589062,4.263406013216468,3.9457169309449682,1.881361601012941,4.263406013216468,3.9457169309449682,23.0,23.0,24.933957641488885,23.0,50.0,50.0,48.338722130742944,50.0,1.0,1.0,1.0,1.0,1016.1365460369076,1017.7530439776393,"{""type"":""LineString"",""coordinates"":[[-111.47840271783947,31.796101686172367],[-111.47833171558085,31.795551113936366]]}"
00000000000000000242,AZ669,20961.0,881.1051137944465,21006.0,1081.7918197825754,Flank,53759,19,TCD,,54.8687479594,,Berm,-113.00807597517156,-180.0,66.50024647561936,1002.7796048940338,0.6136620553516546,0.0,0.0,0.0,0.12543355091665048,0.3641017006420923,1,0.06775200578218982,1.190590215837203,00000000000000000242,0,31.866509895589118,-111.49820688825602,199.9547840522654,1001.2388832449296,36.80763012939284,0.25794592030360536,0.2236411263916176,0.16267445479863216,-1.0779146558185175,-2.539616542504632,-0.8492409957581989,1.0779146558185175,2.539616542504632,-0.6422382148840219,1.0779146558185175,2.539616542504632,19.0,19.434062292909218,20.748819112798238,19.0,55.0,54.13187541418159,54.06548169766564,55.0,1.0,1.0,1.001827172084121,1.0,1000.20744140625,1000.4220717421056,"{""type"":""LineString"",""coordinates"":[[-111.49820710137361,31.86629528959814],[-111.4981350583912,31.86655979215315],[-111.49836650035517,31.866661886470556]]}"
00000000000000000265,AZ669,43623.0,2677.8810746886425,69170.0,2236.1798875790246,Flank,53759,19,TCD,,103.760935118,,Berm,-149.5183581818415,-158.5746669769287,-0.011013848545813911,1124.3610825017397,0.0,0.0,0.0,0.0,0.0,0.0,0,0.15300109043113952,1.8093528452727925,00000000000000000265,0,31.847363773865617,-111.54398300946224,113.41555117813695,1122.4501708984376,68.22474230537941,0.26115217945449914,0.27039225329333,0.17821375248128704,-11.155551399250498,-4.3624047103897965,2.719708841528169,11.155551399250498,4.3624047103897965,6.454266107306997,11.155551399250498,4.3624047103897965,20.34592539795676,19.87965054082967,21.03981861327929,20.23076923076923,58.654074602043245,59.803458932604315,57.408912135547084,58.76923076923077,2.0,2.0,2.0644902731571397,2.0,1120.203834170387,1124.5949688850708,"{""type"":""LineString"",""coordinates"":[[-111.5445312633485,31.847363667300183],[-111.5434347555747,31.847363878079594]]}"
00000000000000000269,AZ669,80627.0,6285.915027883768,80645.0,4171.332911721389,Flank,53806,3,TCD,,66.6523816136,,Berm,-49.642407966464845,113.02059936523438,-0.5413174961149947,930.024262562968,0.8906001959385706,0.0,0.0,0.0680820220306917,0.47978367182423026,0.5889430215480538,0,0.28212867062197516,0.05059803588530465,00000000000000000269,1,31.81052960028081,-111.39744309187951,75.40513193441275,928.8409331932496,822.5166387063495,0.1999140154772141,0.18335315101070154,0.1454782671516928,-1.5235801112137324,-1.3653359665399876,0.6998715553210862,1.5235801112137324,1.3653359665399876,0.7424654900012229,1.5235801112137324,1.3653359665399876,27.0,27.0,27.45484499320143,27.0,46.0,46.0,47.16062270280746,46.0,1.0,1.0,1.4240604504025545,1.0,928.4180196126302,928.8397388458252,"{""type"":""LineString"",""coordinates"":[[-111.39779707593765,31.810526255330476],[-111.39708910779575,31.810532944251513]]}"
0000000000000000026a,AZ669,76502.0,11083.928267764357,76528.0,6079.812096148879,Flank,53806,3,TCD,,35.7472893877,,Berm,130.3579101562499,-180.0,9.510968037854896,931.6722365978153,0.8942071587396824,0.0,0.0,0.07758314563604715,0.5056993467630235,0.5999530366623766,0,0.18664901811539855,-0.12423165657260923,0000000000000000026a,1,31.80986699863884,-111.39785005459835,68.11465477744,929.6931970106816,745.6362385084311,0.20471938775510204,0.24736842105263157,0.14742357494187414,-1.0312519053545657,-1.4722582006430684,0.29348616115044024,1.0312519053545657,1.4722582006430684,1.1191988787082134,1.0312519053545657,1.4722582006430684,27.432535278262243,28.047226624405702,27.544818127926654,27.776255707762555,46.216267639131125,45.645483359746436,47.22359543358799,46.38812785388128,1.0,1.0,1.4678288942463171,1.0,928.7776836987098,929.2775445645743,"{""type"":""LineString"",""coordinates"":[[-111.39766821844168,31.809828031081583],[-111.397857224773,31.80987670261905],[-111.39803558903618,31.809889580132193]]}"
0000000000000000026b,AZ669,76208.0,2280.681441017839,76471.0,4960.059880632253,Flank,53806,3,TCD,,33.8126387399,,Berm,-180.0,0.0,-0.8987240417825492,931.6722365978153,0.8966081433389365,2.899518431410239E-4,0.0,0.09695658261100822,0.5364067676417066,0.6053283207563281,0,-0.013273034880564064,-0.05861541532694186,0000000000000000026b,1,31.809192726070908,-111.39818468683784,73.05724519848599,930.031005859375,691.7635662153426,0.2307258367807446,0.21385805164026445,0.149497053193545,-1.2865968579735636,-1.3900489573701407,0.4292938278039552,1.2865968579735636,1.3900489573701407,0.47908592026696317,1.2865968579735636,1.3900489573701407,29.0,29.0,27.742839414842965,29.0,45.876482213438734,45.0,47.116056361830346,45.0,1.0,1.0,1.4491019601053392,1.0,929.2779623966812,929.8394482055564,"{""type"":""LineString"",""coordinates"":[[-111.39800639110483,31.809195522868194],[-111.39836298256006,31.80918992902511]]}"
0000000000000000026c,AZ669,2376.0,265.24614442402986,2416.0,197.96640954516093,Flank,53807,30,TCD,,52.946860433,,Berm,90.0,89.99999999999994,-25.573554527922603,934.2655879429409,1.0,0.11501846558048846,0.007181747579232627,0.3058222347070295,0.8878143692785619,0.9232263541425694,0,0.6435844953513588,0.5107269875334884,0000000000000000026c,1,31.80635889114396,-111.40035656908772,207.08783544240336,931.6271931966146,358.98918186560053,0.15641361256544506,0.16147575250836124,0.14313391115184443,-1.319730364690031,-1.4751947290612861,0.8491685655381312,1.319730364690031,1.4751947290612861,0.5606297610736041,1.319730364690031,1.4751947290612861,31.0,30.733471311946655,28.55224173472632,31.0,43.0,43.26652868805336,46.142781750507076,43.0,1.0,1.0,1.0441344751659665,1.0,931.0895952043551,931.8164903434557,"{""type"":""LineString"",""coordinates"":[[-111.40010800096977,31.8064436883168],[-111.40027053000635,31.806434220610267],[-111.40057900537018,31.806218288062407]]}"
00000000000000000274,AZ669,1101.0,113.0194069431051,1112.0,78.44040497008749,Flank,53738,1,TCD,,45.2614314337,,Berm,-89.99999999999999,-113.02318678257728,-86.6086988960182,999.1991930407205,0.0,0.0,0.0,0.0,0.0,0.0,1,0.19093308681009158,-0.07361231632996305,00000000000000000274,0,31.79861580302566,-111.47011747691306,131.57668483018256,1001.3720092773438,401.03554373581096,0.17579860376560189,0.14501937781502047,0.1535006897069355,-3.7125802520404245,-3.5752971901388833,1.7518886990016351,3.7125802520404245,3.5752971901388833,1.5786007769863393,3.7125802520404245,3.5752971901388833,24.0,24.0,24.884658288490073,24.0,49.0,49.0,48.24818217511993,49.0,1.0,1.0,1.0,1.0,1000.0974702380952,1001.614220337136,"{""type"":""LineString"",""coordinates"":[[-111.47012955439503,31.79841199275915],[-111.4701053993778,31.798819613291016]]}"
00000000000000000275,AZ669,236.0,16.216007416563656,250.0,17.475766590925062,Flank,53806,3,TCD,,25.2611609309,,Berm,49.63868683753347,49.63868148773719,79.14647806733792,935.790762371661,1.0,0.3024432315448536,0.029747735187904585,0.6404685711913357,0.9637569799201947,1.0,1,-0.3873134976333881,0.33738571906733733,00000000000000000275,1,31.798823195426113,-111.39669818242804,42657.87316724356,938.760009765625,616.7149865581034,0.15652339292506656,0.1458808010552824,0.15531256894628384,-1.6778835878598102,-1.6449859865098233,0.3281544718045855,1.6778835878598102,1.6449859865098233,0.35100778321464077,1.6778835878598102,1.6449859865098233,29.0,29.0,28.086519409749176,29.0,43.0,43.0,45.5314781916956,43.0,1.0,1.0,1.090163445937757,1.0,937.4183723672725,938.1519502426629,"{""type"":""LineString"",""coordinates"":[[-111.3967196354921,31.798935088220215],[-111.3966767294159,31.798711302628398]]}"
000000000000000002a7,AZ669,75.0,8.69636211741475,88.0,11.276774746795837,Flank,53806,3,TCD,,26.284318365,,Berm,0.0,-2.842170943040401E-14,77.05053845142865,907.893983232214,1.0,0.24167492788900577,0.025049021691308643,0.48580122752382704,0.9937957550144568,1.0,0,0.28515374463182797,0.19197834191513444,000000000000000002a7,1,31.86415298868739,-111.41097792657266,179.28610844750625,907.1950073242188,90.62949140269984,0.11185243328100472,0.1092465422187833,0.13221641000326362,-1.7847268943962717,-1.6409912109375,0.5900319417317709,1.7847268943962717,1.6409912109375,0.8058144984242214,1.7847268943962717,1.6409912109375,27.0,27.0,26.818348284493638,27.0,46.12263959390862,46.0,46.8093867784184,46.0,1.0,1.0,1.0,1.0,906.3377760688879,907.193788903737,"{""type"":""LineString"",""coordinates"":[[-111.41100468011005,31.86426933897016],[-111.41095117310277,31.864036638399035]]}"
000000000000000002a9,AZ669,1221904.0,81561.22801203287,1221950.0,69988.00718975236,Flank,53806,3,TCD,,62.3247309549,,Berm,-130.3397674883706,2.842170943040401E-14,16.705436481448594,906.1094857195658,1.0,0.10534594440320308,0.010409185990979416,0.27852632972457814,0.9723738424451372,1.0,0,-0.7792607154871116,-0.1583331705777642,000000000000000002a9,1,31.868875525864667,-111.41024321162405,108.01849589934872,905.4381270911624,9.201797674603368,0.12178445060724873,0.1634522661523626,0.11422339530154252,-1.8054652360781347,-1.6321290371174086,-0.08561792875279177,1.8054652360781347,1.6321290371174086,0.8750754088070304,1.8054652360781347,1.6321290371174086,25.0,25.0,26.390173110073867,25.0,46.10963646855164,46.44543793865973,46.627983447710434,46.245437079731026,1.0,1.0,1.0,1.0,904.7266595692471,905.1398694296498,"{""type"":""LineString"",""coordinates"":[[-111.40993318436182,31.86878248069299],[-111.41055323951227,31.868968570284146]]}"
00000000000000000323,AZ669,1096.0,115.33922488591813,1113.0,81.68743475174345,Flank,53793,27,MLC;110222,,39.3139726837,,Berm,-2.842170943040401E-14,-90.0,62.633449772465994,1031.899446572087,0.0,0.0,0.0,0.0,0.0,0.0,0,1.165927921534451,-0.18487014250974965,00000000000000000323,0,31.806206855851094,-111.49249741956562,121.59132809723987,1032.3278598557947,160.75596047559222,0.159326832337213,0.16651470253020284,0.14889532327770139,-3.24634698867385,-3.5455322265625,1.5228271484375,3.24634698867385,3.5455322265625,1.459828937461225,3.24634698867385,3.5455322265625,28.0,28.0,27.131168359683638,28.0,47.0,47.0,48.54296585254728,47.0,2.0,2.0,1.255031712925063,2.0,1031.87841796875,1032.721808189979,"{""type"":""LineString"",""coordinates"":[[-111.49244004153364,31.806039383916595],[-111.49246714066352,31.806204978200054],[-111.49260429360585,31.806356711578292]]}"
00000000000000000326,AZ669,251.0,38.69097958885069,29803.0,1053.7809575601025,Flank,53793,27,MLC;110222,,29.4718339005,,Berm,-30.47197488583825,-90.00000000000004,63.21153845194129,1009.9695170388293,0.0,0.0,0.0,0.0,0.0,0.0,0,0.16029287460343922,-0.4437364035451534,00000000000000000326,0,31.811970701001137,-111.4778210697824,189.35508889856746,1007.2249755859375,335.9672009546961,0.13221610805402698,0.12324531265338179,0.1314169848222959,-2.925148890140349,-2.810731852496133,0.9750176937376408,2.925148890140349,2.810731852496133,1.3203927143628864,2.925148890140349,2.810731852496133,22.0,22.174359932722858,22.842201702951417,22.0,55.0,54.47692020183143,52.72315554511281,55.0,1.0,1.0,1.0,1.0,1006.5139999389648,1007.5969345348116,"{""type"":""LineString"",""coordinates"":[[-111.47776013705551,31.81185001414714],[-111.4778820026685,31.81209138782611]]}"
00000000000000000091,AZ669,22632.0,1652.1210313378583,22646.0,1118.8914915421167,Breach,53793,27,MLC,,114.696470718,,Berm,-2.842170943040401E-14,-130.36258875648554,43.5690129857012,992.031881532966,0.0,0.0,0.0,0.0,0.0,0.0,0,0.9274148720804365,0.635745929308588,00000000000000000091,0,31.794622517013394,-111.4636241610485,214.1701537276843,994.5196849882207,608.0437149523843,0.16703318672530987,0.23257776706052566,0.1567845599986978,-2.6696431117276234,-2.789302626920687,0.781083068039455,2.6696431117276234,2.789302626920687,1.5345243259349672,2.6696431117276234,2.789302626920687,27.983489416986952,27.0,26.321044415909167,27.249128919860638,49.34434038867535,50.0,50.00157911410003,49.833914053426284,1.0,1.0,1.0,1.0,993.1639520322394,994.350908015418,"{""type"":""LineString"",""coordinates"":[[-111.4640298387466,31.79500841826069],[-111.46321848673792,31.79423661447982]]}"
00000000000000000092,AZ669,23888.0,1117.789827406683,23899.0,954.9948006284135,Breach,53793,27,MLC,,128.756442861,,Berm,-130.36205543508177,-113.02381896972658,46.693667618293524,994.5196849882207,0.0,0.0,0.0,0.0,0.0,0.0,0,1.6475788627781134,0.6620487227901499,00000000000000000092,0,31.79609235056907,-111.4621370768087,214.1565183156639,991.8938609315179,656.2603215350713,0.13324911129946593,0.21071065836412578,0.14210478178191885,-2.984115942975677,-2.5627820722806405,0.9362118815744225,2.984115942975677,2.5627820722806405,1.8406895845062838,2.984115942975677,2.5627820722806405,27.0,28.262866844530667,26.34282339724803,27.244358833241606,51.0,49.7371331554693,48.56030394039354,50.75564116675839,1.0,1.0,1.0,1.0,990.3210986987589,991.6172907221545,"{""type"":""LineString"",""coordinates"":[[-111.46256406351935,31.79654535460654],[-111.46171009428373,31.795639345106636]]}"
0000000000000000009a,AZ669,38883.0,1726.6516910785622,38903.0,1435.4688513528222,Breach,53793,27,MLC,,160.968708501,,Berm,-130.35974877555378,-113.02196385433977,75.99085853696147,942.927577454961,0.0950324188316876,0.0,0.0,0.0,0.0,0.0,0,0.34999117136839886,0.32895085473065877,0000000000000000009a,0,31.80404162033246,-111.42324096045314,326.13587017030915,947.865478515625,79.18414034562345,0.13245905553849097,0.13640941260570577,0.12965756905235953,-2.4124326420875377,-2.4102799527310594,0.913443400669962,2.4124326420875377,2.4102799527310594,1.2387679445379263,2.4124326420875377,2.4102799527310594,29.84129638477465,28.92256857358971,28.15793229740999,28.944937833037315,46.0,46.15486285282057,47.86241143428377,46.110124333925405,1.0,1.0,1.0,1.0,946.9763206536959,947.828492149139,"{""type"":""LineString"",""coordinates"":[[-111.42333200816454,31.804747403113186],[-111.42337691692673,31.80424567576469],[-111.42298480233369,31.80335578250137]]}"
0000000000000000009b,AZ669,39219.0,2732.8967575745196,39247.0,2256.9118501726803,Breach,53793,27,MLC,,88.5277077659,,Berm,16.39251708984372,-105.81635899736926,57.85578670663166,945.8300170898438,0.3503450190705391,0.0,0.0,0.0,0.0,0.08022947238844359,0,0.37369936154259886,0.17437853641741055,0000000000000000009b,0,31.80565680715634,-111.42054102935748,147.5153102135523,944.5235224557887,111.60269157391635,0.1408252578930916,0.1453893113419728,0.12743084980710015,-2.267616666160393,-2.1417760331545423,0.9530168999515355,2.267616666160393,2.1417760331545423,1.3685726976494077,2.267616666160393,2.1417760331545423,29.0,29.624827681279296,28.613914527088532,29.0,46.978763014548704,46.13068651778329,47.287525911278436,46.78637059724349,1.0,1.0,1.0,1.0,943.539453985627,944.4328819273929,"{""type"":""LineString"",""coordinates"":[[-111.4207628833528,31.80600986567494],[-111.42031917705778,31.805303748252978]]}"
0000000000000000009c,AZ669,39317.0,2550.6066158642175,39415.0,1905.3773711464676,Breach,53738,1,MLC,,113.09944486,,Berm,-141.8870564497521,-130.35922239593978,67.61372499030846,947.127399989537,0.5810873065314435,0.0,0.0,0.0,0.06903343005224437,0.2564349816229599,0,0.11993358624417609,0.08217258113701517,0000000000000000009c,0,31.80596665272566,-111.41907372165865,146.03837589930416,942.243091617868,230.6737830694174,0.14518141178916733,0.1360689846117143,0.12744765400923225,-2.296399466658272,-2.3072821807409696,0.8597345713385114,2.296399466658272,2.3072821807409696,1.4204254921778177,2.296399466658272,2.3072821807409696,29.66257125463503,29.0,28.51672903338292,29.0,45.01228623609498,46.921003100088576,47.00493501790526,47.0,1.0,1.0,1.0,1.0,941.8711823025142,942.6834478268678,"{""type"":""LineString"",""coordinates"":[[-111.41922834965673,31.806453809301928],[-111.41916370164535,31.806073360329574],[-111.41883598224513,31.805501206980068]]}"
0000000000000000009d,AZ669,39972.0,7617.176066977212,39980.0,4349.379949348323,Breach,53738,1,MLC,,41.4387999999,,Berm,60.4660949707031,-130.35904692042513,63.80617842220713,942.927577454961,0.814892875938464,0.0,0.0,0.0,0.23779965372499887,0.492503730973308,0,0.40169039654804756,0.3503032887745635,0000000000000000009d,1,31.80640484160032,-111.41709374664197,201.43396825309608,940.3304009236082,428.2972580131919,0.1901357246728066,0.1904283801874163,0.12742410974905088,-2.037796742637852,-2.0838419596354356,0.956764271610382,2.037796742637852,2.0838419596354356,0.7429278807783627,2.037796742637852,2.0838419596354356,28.458730817088345,30.0,28.297657427912554,30.0,45.15595188718374,44.0,46.71416921132859,44.0,1.0,1.0,1.0,1.0,939.8787346056379,940.6369395062256,"{""type"":""LineString"",""coordinates"":[[-111.41717842712023,31.806576981562618],[-111.41700906647928,31.80623270158196]]}"
000000000000000001e5,AZ669,7576.0,360.1842494257842,7611.0,365.75700835611707,Breach,53738,1,TCD,,197.357895096,,Berm,-130.34916780181032,-130.3492423379497,48.48584356931486,,0.0,0.0,0.0,0.0,0.0,0.0,0,-0.18503982382476672,-0.22166001543638159,000000000000000001e5,0,31.838543216999494,-111.48171899927578,42648.84260039184,1003.799874451631,152.34115116974033,0.1439897150203557,0.14784683978603497,0.10986788025698495,-3.6375292624436497,-3.6498274768522943,1.9486149718115562,3.6375292624436497,3.6498274768522943,1.1057608018923777,3.6375292624436497,3.6498274768522943,21.987175444129083,22.0,21.584616400656532,22.0,53.3731735519815,54.0,53.034772132828145,53.11891891891891,1.0,1.0,1.0,1.0,1003.3047956000908,1004.3364008380318,"{""type"":""LineString"",""coordinates"":[[-111.48172403656046,31.837934866315226],[-111.48148375112609,31.83813282264474],[-111.48136404977056,31.838316887340703],[-111.48137523900903,31.8384511950631],[-111.4813916974116,31.83858996117953],[-111.4815654859151,31.838719175204712],[-111.48182845506926,31.838848051273764],[-111.48247864269975,31.838787368875526]]}"
000000000000000001fc,AZ669,1458.0,151.61996742794375,1617.0,109.82832765975783,Breach,53793,27,TCD,,99.6710653284,,Berm,-89.99999999999999,-66.97779083251953,79.32584777959983,999.0888661747484,0.0,0.0,0.0,0.0,0.0,0.0,0,0.191959928192666,0.15338890676279512,000000000000000001fc,0,31.803476272489664,-111.46658380743472,42656.820687349405,994.0830078125,297.42250526307333,0.14136378256674176,0.12832473203652242,0.12792215043363556,-2.4653045991304907,-2.386822460545261,1.1968774715823354,2.4653045991304907,2.386822460545261,0.7304473441136375,2.4653045991304907,2.386822460545261,27.309545875810937,26.49635307207318,27.167086711397683,27.367417677642987,42.0,45.39158115959946,43.91618556345642,42.0,1.0,1.0,1.0,1.0,993.1013318402302,994.2266183327938,"{""type"":""LineString"",""coordinates"":[[-111.46649790397416,31.803033589953177],[-111.46654080013685,31.803221524052756],[-111.46657863261908,31.803445303602217],[-111.46662722321373,31.80372278406373],[-111.46666492106529,31.8039196938794]]}"
00000000000000000204,AZ669,869.0,92.89310004069058,949.0,63.44013299432818,Breach,53738,1,TCD,,48.6391948189,,Berm,-49.643280029296875,49.6432529055011,-84.54104377005817,1007.0300292968751,0.0,0.0,0.0,0.0,0.0,0.0,1,-0.18303248654399457,-0.12016428038257515,00000000000000000204,0,31.81380904011934,-111.47681025427494,129.19117050880658,1004.6996044097319,147.27185746095552,0.15304833105191112,0.2563368765331153,0.13628912212826394,-3.31963901626898,-3.6717199761771435,0.984872531749185,3.31963901626898,3.6717199761771435,1.3135675613286442,3.31963901626898,3.6717199761771435,21.0756837766954,21.000624453603095,22.114421763920994,20.90180236171535,54.443237167478465,55.26601723491944,53.881887547689,54.573648228713495,1.0,1.0,1.0,1.0,1003.6138997422734,1004.9883475925611,"{""type"":""LineString"",""coordinates"":[[-111.47674857295468,31.814012373832313],[-111.47683703903088,31.813877691826956],[-111.47682038523982,31.813698620065193],[-111.47678838923987,31.8135957377852]]}"
00000000000000000206,AZ669,75384.0,5036.480138102257,75402.0,4145.281211207659,Breach,53806,3,TCD,,98.1012107078,,Berm,90.00000000000017,89.99999999999977,-36.05333797499896,933.9485620895178,0.8606442199048591,0.0,0.0,0.0,0.20395679052327828,0.4102165511583222,0,-0.04108133834971961,-0.1025075581028079,00000000000000000206,1,31.804568635960557,-111.39646451113573,101.32188849900645,934.9721293586509,682.5330373404333,0.2750277059475434,0.21595598349381018,0.12398263713814923,-1.930091890109793,-1.8466369721642764,0.4733896625413081,1.930091890109793,1.8466369721642764,0.7164685048187872,1.930091890109793,1.8466369721642764,28.0,28.009701006298407,27.883428673209004,28.0,44.0,44.0,46.035737385495615,44.0,1.0,1.0097010062984146,1.2401098560051549,1.0,933.8158913724832,934.7265308561068,"{""type"":""LineString"",""coordinates"":[[-111.39686877872224,31.80438481626349],[-111.39664902801853,31.80450193907938],[-111.39643383235835,31.80445782558997],[-111.39630862612648,31.804610480415338],[-111.39618916039751,31.804879555171322]]}"
0000000000000000024b,AZ669,1606.0,2497.7928186057843,1337124.0,44391.18795341502,Breach,53806,3,TCD,,135.131662671,,Berm,-180.0,49.66252136230469,-25.445673809856157,894.783935546875,1.0,0.3413197452749554,0.0398029760706649,0.48705881838150983,0.8389947812287595,1.0,0,0.5694909300127177,-0.03063947537845914,0000000000000000024b,1,31.87723919619687,-111.40354133733946,174.76306705991865,892.4153005650317,148.36793137434628,0.11000639386987741,0.1320874687462079,0.12394776233071406,-1.2534734552555165,-1.4256785450537564,0.4654690600648337,1.2534734552555165,1.4256785450537564,0.3989016477152063,1.2534734552555165,1.4256785450537564,26.0,26.0,25.634310284348665,26.0,47.140866728797754,47.0,47.717478864005486,47.0,1.0,1.0,1.0,1.0,891.5863990503595,892.621145125312,"{""type"":""LineString"",""coordinates"":[[-111.40418071040584,31.876973850668165],[-111.40375619969087,31.877109549322697],[-111.40336869774656,31.877307825762085],[-111.40293946242649,31.87756445156689]]}"
00000000000000000268,AZ669,4407.0,413.2450862027333,4434.0,276.0163616385676,Breach,53865,60,TCD,,67.7710042047,,Berm,0.0,90.0,-70.55517131724405,,0.03513313025773763,0.0,0.0,0.0,0.0,0.0,0,-0.4679553609959964,0.9662037095264715,00000000000000000268,0,31.809303874937132,-111.38535223195429,42655.501862628844,943.8861422073182,1911.0024850405066,0.13639413935801367,0.1755675802846724,0.11813986901886517,-3.12745962343422,-4.144197439207403,1.499326193422803,3.12745962343422,4.144197439207403,1.7997651112157578,3.12745962343422,4.144197439207403,26.99726486677255,26.003354815926528,25.980394398153486,26.395773294908732,50.265307923063354,50.996645184073444,50.619428069111436,50.60422670509125,1.0,1.0,1.0,1.0,941.3910025299425,942.7336321174595,"{""type"":""LineString"",""coordinates"":[[-111.38545589965278,31.809010227101837],[-111.3852485635967,31.80959752268841]]}"
000000000000000002a6,AZ669,1221774.0,131813.98852758488,1221785.0,77690.11099305157,Breach,53806,3,TCD,,105.309126348,,Berm,-90.0,-130.34028277217985,8.02426427547494,906.4685898924535,1.0,0.14405085353975502,0.01648638950120471,0.31048561322309215,1.0,1.0,0,0.06655808201098116,-0.19100773299806176,000000000000000002a6,1,31.86790266366624,-111.4108661332782,54.73358254380166,906.1198718887125,27.60552485357607,0.1642438452520516,0.13177135260884015,0.11643887855118179,-1.0258856501975515,-0.8458514641566239,0.23917916715655943,1.0258856501975515,0.8458514641566239,0.493348136780772,1.0258856501975515,0.8458514641566239,25.014132177424145,26.0,26.619956220170497,25.771317829457367,46.85333412505197,45.96384469247209,46.29510739533455,46.15533691115086,1.0,1.0,1.0,1.0,905.5355699404234,906.0742715317982,"{""type"":""LineString"",""coordinates"":[[-111.41141460525311,31.86795368304777],[-111.41101574860863,31.867946016188125],[-111.41089487520651,31.86790610181362],[-111.41081610178716,31.8678929213239],[-111.41062714892198,31.86788457495097],[-111.41032765945572,31.867800453345893]]}"
000000000000000002a8,AZ669,110824.0,2077.099876893431,110831.0,3208.8997716844838,Breach,53806,3,TCD,,161.286679363,,Berm,-49.658354308146954,-49.65851984889267,-36.044623192867675,906.5780559943705,1.0,0.17482126847507248,0.01679183747140263,0.41015928893409315,0.9233481702621572,1.0,1,-0.20507019279472682,-0.013467706506474985,000000000000000002a8,1,31.86351436720908,-111.41317263456524,126.06822906891074,908.6980387369795,131.75346755037552,0.15202147474526123,0.1912357902456912,0.1299342975362809,-0.786445390731842,-1.3475675763492063,0.4107920582627381,0.786445390731842,1.3475675763492063,-0.03539108828401064,0.786445390731842,1.3475675763492063,26.183590505748125,27.273474383633502,27.041816395995568,26.333694005626498,45.96795908554442,44.7265256163665,46.13230154866517,45.66630599437354,1.0,1.0,1.0,1.0,908.4139751466076,908.5665685144314,"{""type"":""LineString"",""coordinates"":[[-111.41387530233055,31.863153880027106],[-111.41341994501666,31.863415104640143],[-111.41283818971529,31.863573736279143],[-111.41274397703057,31.863627782120513],[-111.41271937654597,31.86399508552276]]}"
000000000000000002aa,AZ669,113246.0,7028.612136784671,1222581.0,10675.543606836747,Breach,53806,3,TCD,,128.050206285,,Berm,-90.0,-149.51244881103725,-13.132749112578615,905.4702914563526,1.0,0.3141681088623052,0.03416848852623951,0.6465170579841738,1.0,1.0,0,0.1498454493883517,-0.15596301424942546,000000000000000002aa,1,31.869624288702745,-111.4050346154115,42641.8250917251,899.9806195335094,143.73598819278982,0.12566616926028565,0.241012909632572,0.12593698078100027,-1.1839914769691404,-1.0471452383480369,0.7433372597349338,1.1839914769691404,1.0471452383480369,0.3884933145387019,1.1839914769691404,1.0471452383480369,26.0,26.0,26.694185130462,26.0,47.287456618740705,47.0,46.15808636721725,47.0,1.0,1.0,1.0,1.0,899.2569157720322,900.31640625,"{""type"":""LineString"",""coordinates"":[[-111.40566967771241,31.8694410337162],[-111.40520841105389,31.86956341944581],[-111.40488373981562,31.86972119532215],[-111.40477353822007,31.869721546163685],[-111.40438528699582,31.86974069478867]]}"
000000000000000001fe,AZ669,755.0,74.81541791198597,53871.0,344.0870761264337,Breach and Flank,53793,27,TCD,,60.8013258715,,Berm,-158.5845127105713,-130.36094613363875,79.29461971891399,999.2107702895527,0.0,0.0,0.0,0.0,0.0,0.0,0,-0.03794737599226831,-0.268201380717142,000000000000000001fe,0,31.800054465875732,-111.4696313914341,135.218789009175,999.0590209960938,391.9497209729227,0.09130434782608693,0.1273315569090217,0.1394426045781583,-3.4618104173950996,-3.5766970901940454,1.342143338563536,3.4618104173950996,3.5766970901940454,1.2454296520814978,3.4618104173950996,3.5766970901940454,28.0,28.0,25.469589216438518,28.0,44.0,44.0,47.17208127469467,44.0,1.0,1.0,1.0,1.0,998.0199728983677,999.3940308640124,"{""type"":""LineString"",""coordinates"":[[-111.46957541710326,31.799784417843696],[-111.46961824994742,31.799958916110533],[-111.46967778812424,31.800325922438248]]}"
000000000000000002a5,AZ669,110715.0,7603.638796169629,110738.0,5545.826656720409,Breach and Flank,53806,3,TCD,,155.614907129,,Berm,-49.65849575908081,-130.34141156183816,83.86797077078751,907.2710819066792,1.0,0.18795796912776624,0.01899351404128696,0.3767295889901429,0.901202459549935,1.0,0,0.038557513387854195,0.04212308666855717,000000000000000002a5,1,31.863505849438063,-111.41449284962954,70.64955035396814,910.0726104593499,272.5119467540042,0.16473578437167516,0.15226643966801445,0.133781983067532,-1.7098700387072083,-1.604614347039842,0.7364805135258241,1.7098700387072083,1.604614347039842,0.6903362885670579,1.7098700387072083,1.604614347039842,26.716872323283727,27.388490734065556,27.26449721577901,26.38863249939277,45.283127676716276,44.917263898901645,45.79301913472656,45.76414865193102,1.0,1.0,1.0,1.0,909.0550924141713,909.8201379267177,"{""type"":""LineString"",""coordinates"":[[-111.41453504130008,31.86283376937805],[-111.41438517356409,31.863349266461103],[-111.41438557425185,31.863438831875555],[-111.41438621535593,31.863582136536035],[-111.41467686407205,31.864037979372885],[-111.41467740539618,31.86415889266451]]}"
00000000000000000135,AZ669,177.0,39.090765027322405,1917.0,109.8802814265933,,53807,30,TCD,,55.0170866823,,Spur,113.00631713867188,130.3384263469577,-10.920229880944444,894.3573656524065,1.0,0.5273216095369676,0.06024952217034092,0.8939439595470843,1.0,1.0,0,0.39502790620182554,0.0878761404061391,00000000000000000135,1,31.87388775226147,-111.4001000342058,112.75240660658542,895.2930297851562,321.0009713796969,0.1834588462871647,0.2433987837757663,0.13965703990615225,-1.3677321047232454,-1.2755735646887274,0.7193223001200977,1.3677321047232454,1.2755735646887274,0.8062059548196505,1.3677321047232454,1.2755735646887274,25.822270037654647,25.581835790379852,24.3914111942424,25.716442953020135,47.070575578267885,47.25449262886044,49.10780293715133,46.85067114093959,1.0,1.0,1.0,1.0,894.3783108036623,895.160312472258,"{""type"":""LineString"",""coordinates"":[[-111.40038319026507,31.873833120962185],[-111.39981687781076,31.873942382933233]]}"
00000000000000000148,AZ669,31080.0,1082.7620446067144,31105.0,1916.6144836451929,,53806,3,TCD,,23.5118492753,,Spur,-130.33786915832547,-113.0058885659615,-17.427571489468406,894.3276145485482,1.0,0.12715570089827807,0.015262293699105253,0.21487661671436956,0.705416152528774,0.9932300545558339,1,3.6429877882670763,0.04211513817825573,00000000000000000148,1,31.875713203434096,-111.40488370135695,104.74507897333864,895.0069580078125,188.89269295480432,0.11240233449014815,0.10918072915985737,0.1298899472095276,-0.85198974609375,-0.7860325087278852,1.3075179279519489,0.85198974609375,0.7860325087278852,0.7975816476294995,0.85198974609375,0.7860325087278852,27.0,26.909581646423753,25.81484769096623,27.0,48.0,48.0,47.477527588449256,48.0,1.0,1.0,1.0,1.0,893.7421904064361,895.0816885141226,"{""type"":""LineString"",""coordinates"":[[-111.40499900139727,31.8756770095834],[-111.40476840122604,31.87574939718074]]}"
00000000000000000149,AZ669,598.0,72.01308363263213,602.0,44.31079265562023,,53807,30,TCD,,18.3835437897,,Spur,130.33827049005083,130.33840942382812,14.826790721044425,894.9712288610552,1.0,0.22791370609844572,0.015753082760718497,0.5708391504761602,0.9316839946027313,1.0,0,0.3195356913927454,-0.664816191256178,00000000000000000149,1,31.87381271213198,-111.40329836645934,132.09920905199135,896.1939697265625,53.65382787695217,0.08570748955578172,0.22914888281686838,0.15867597438864706,-1.52301025390625,-1.5561625162760606,0.7959606516946376,1.52301025390625,1.5561625162760606,1.0245279027789898,1.52301025390625,1.5561625162760606,27.0,27.0,26.449727031664327,27.0,45.47971685270896,45.0,47.24004250506944,45.0,1.0,1.0,1.0,1.0,895.0329939783185,896.0114051987707,"{""type"":""LineString"",""coordinates"":[[-111.40339031250609,31.873837051285523],[-111.40320642046117,31.87378837291227]]}"
00000000000000000134,AZ669,91.0,14.151880850061811,1558.0,59.64141841737385,Flank,53807,30,TCD,,47.6509052069,,Spur,-66.9934310913086,-180.0,13.875891980517798,894.4615953282259,1.0,0.4446623683505827,0.05214626437880894,0.7880492197408652,1.0,1.0,0,-0.7489291494074138,-0.08820616951029596,00000000000000000134,1,31.872632422403644,-111.39983221308547,131.28509216506887,896.3955151002798,414.7189367572539,0.12802423677820857,0.1888702622286526,0.13917928732112625,-1.5718651748286447,-2.6442203586158257,0.8030217933761226,1.5718651748286447,2.6442203586158257,0.8594252825948464,1.5718651748286447,2.6442203586158257,25.07046733545388,25.379036203522507,24.87316356873497,25.283557046979865,48.78859799363836,47.790973581213315,48.67556319677717,48.149328859060404,1.0,1.0,1.0,1.0,895.4139840778496,896.0374885327889,"{""type"":""LineString"",""coordinates"":[[-111.40007387600973,31.87269211976456],[-111.39959055047433,31.87257272458566]]}"
0000000000000000014a,AZ669,2828.0,306.90998409613013,2887.0,180.68775599366492,Flank,53807,30,TCD,,110.077934499,,Spur,-113.00597134002602,-21.431259155273438,41.24666290551,894.8904060560618,1.0,0.587712178457587,0.06724644805307387,0.9595886848317526,1.0,1.0,0,-0.5333460700689819,-0.06174918431638837,0000000000000000014a,1,31.875244695174892,-111.4005168506797,137.69374994416737,894.2476875972928,217.16295350482542,0.09147424869241798,0.19524741875319632,0.1397297853992712,-5.174763504899602,-3.834751492990733,1.5556648053842537,5.174763504899602,3.834751492990733,0.3367760713797452,5.174763504899602,3.834751492990733,25.761376789521773,26.0,24.308517945176114,26.0,47.47724642095644,47.0,49.349623949129466,47.0,1.0,1.0,1.0,1.0,893.0150739709371,893.8977632342725,"{""type"":""LineString"",""coordinates"":[[-111.400068058864,31.87498952249689],[-111.40051990962723,31.875109014899454],[-111.40081612427707,31.875645481182097]]}"
000000000000000002c8,AZ669,125.0,9.605181058495821,2231.0,75.47152511484869,Breach,53807,30,MLC;042919,,53.1087525572,,Spur,-49.64214585862575,-30.471649169921847,-13.378866220751998,926.9014313046293,1.0,0.21828946660207746,0.022280232759806454,0.4540377128298973,0.91771354755369,1.0,1,-0.27307780628322975,0.03116413476554284,000000000000000002c8,1,31.810524248141085,-111.40572952516682,27.690553232024005,927.9099731445312,329.9581011558461,0.12538799100931183,0.142702869484727,0.1430755944426385,-4.434497316545389,-1.740796379670485,7.925801367018531,4.434497316545389,1.740796379670485,-0.3841027100380264,4.434497316545389,1.740796379670485,28.0,28.0,27.732447870037923,28.0,47.0,47.0,46.77032735110363,47.0,1.0,1.0,1.0,1.0,925.8212432861328,926.9124823805735,"{""type"":""LineString"",""coordinates"":[[-111.40599375481156,31.810446634995408],[-111.40558524417594,31.810573331813167],[-111.40545937982913,31.810573732798545]]}"
