system:index,AREASYMBOL,Fail_Type,MUKEY,MUSYM,Note,Notes,Shape_Leng,Structure_,Type,aspectD_60,aspectU_60,berm_angle,berm_elev,compare,convD_60,convU_60,id,landform,latitude,longitude,other_dist,other_elev,road_dist,saviD_60,saviU_60,savi_background,slopeD_100,slopeD_200,slopeD_60,slopeU_100,slopeU_200,slopeU_60,slope_100,slope_200,surfclayD_60,surfclayU_60,surfclay_background,surfclaybg,surfsandD_60,surfsandU_60,surfsand_background,surfsandbg,surfsocD_60,surfsocU_60,surfsoc_background,surfsocbg,zD_60,zU_60,.geo
0000000000000000000b,AZ669,,53875,68,MLC,,44.26041189,,Berm,113.05975341796875,21.3804931640625,16.773323159597457,1028.9721522136101,0,0.16591209362199474,0.34082203069905403,0000000000000000000b,1,31.633902812830048,-111.47100654093067,113.35865823666161,1026.4599609375,104.23607193004534,0.13676713093335363,0.1425097223820379,0.12982084735174487,-1.2317541233730935,-1.235245632149713,0.3729317066328501,1.2317541233730935,1.235245632149713,1.0683186848958333,1.2317541233730935,1.235245632149713,24.0,24.0,23.815788383160157,24.0,54.583289748953966,54.97970938604529,53.35875989377945,54.84378920953575,2.0,2.0,2.0,2.0,1025.748081752232,1026.222746681588,"{""type"":""LineString"",""coordinates"":[[-111.47122672290345,31.63396917760513],[-111.4707863592721,31.633836447677123]]}"
0000000000000000000c,AZ669,,53875,68,MLC,,34.9514527978,,Berm,-122.56054687500001,-21.38055419921875,9.076560023476608,1026.90281496919,0,0.2487698438365473,0.13885874549259933,0000000000000000000c,1,31.634312486092462,-111.46979051618973,68.15925077316048,1025.7969970703125,46.06617248056623,0.1325016857720836,0.13386031918041386,0.12985014402145623,-1.2877268729816933,-1.3659715458526307,0.5541199268035749,1.2877268729816933,1.3659715458526307,1.248698776821584,1.2877268729816933,1.3659715458526307,24.64357887874836,24.0,23.672950534580117,24.0,54.0,54.0,53.478384919441645,54.0,2.0,2.0,2.0,2.0,1025.0801391601562,1025.6444396102713,"{""type"":""LineString"",""coordinates"":[[-111.4699722536622,31.634327601383593],[-111.4697471299405,31.63431947288907],[-111.46961602270594,31.634270691893978]]}"
0000000000000000000d,AZ669,,53875,68,MLC,,80.565971075,,Berm,-62.94026184082031,-141.93845877558152,21.238435533731238,1027.2252249524045,0,0.02851733540719731,0.07044372046405212,0000000000000000000d,1,31.635128560097375,-111.47015948996653,84.16495658236076,1025.443675930217,127.12255974148513,0.1374561842764146,0.13545839533020487,0.13189323032379996,-0.9189019328855466,-1.9143942043361906,0.13651237984352824,0.9189019328855466,1.9143942043361906,1.0770143793653613,0.9189019328855466,1.9143942043361906,25.0,24.941056295399513,24.165377571867623,25.0,54.0,54.0,52.732018538970955,54.0,2.0,2.0,2.0,2.0,1024.9315102353478,1025.269462382817,"{""type"":""LineString"",""coordinates"":[[-111.47054760465014,31.635279398635927],[-111.46977137654186,31.63497772038477]]}"
0000000000000000000e,AZ669,,53875,68,MLC,,79.7946962579,,Berm,2.842170943040401E-14,113.05947875976557,38.54066962890931,1026.2650310923752,0,1.5376582048531942,0.11981436406626306,0000000000000000000e,1,31.636120345842045,-111.46883369432283,153.1414318140927,1024.4179296874997,104.23486101108402,0.1307588985896575,0.13227016885553472,0.13189265290876062,-1.0244652666364118,-0.9454310711150241,0.4698510537267945,1.0244652666364118,0.9454310711150241,0.2282623295373772,1.0244652666364118,0.9454310711150241,24.19412635350938,24.88994469974298,24.15549320097741,24.579007633587796,54.735062709355766,54.11005530025703,52.61680481541575,54.420992366412214,2.0,2.0,1.989926399786506,2.0,1024.0153945860318,1024.4625188687605,"{""type"":""LineString"",""coordinates"":[[-111.46911364072801,31.636381903151868],[-111.46882944975259,31.636078410400263],[-111.46850924796694,31.635900446594572]]}"
0000000000000000000f,AZ669,,53875,68,MLC,,97.1684452909,,Berm,-35.17369079589844,-49.58929443359372,11.235181424911453,1024.846034551464,0,0.323291928077229,0.0027102692993046175,0000000000000000000f,1,31.637128977290082,-111.46626598356453,98.61891871306807,1023.3468824266553,26.058554810437855,0.12743538767395624,0.1468418374671435,0.13188397276116948,-0.7813768279888791,-0.8003487800891662,0.16099978646423097,0.7813768279888791,0.8003487800891662,0.37197923105869296,0.7813768279888791,0.8003487800891662,22.0,22.139654067905187,24.143803929896393,22.0,56.0,55.901985906470195,53.14969153361864,56.0,2.0,2.0,1.9179197701424988,2.0,1022.9098601880869,1023.2537892810783,"{""type"":""LineString"",""coordinates"":[[-111.46666849921992,31.637313430981706],[-111.46648956295127,31.637121510267036],[-111.46633740350221,31.637050410457743],[-111.46602883342383,31.63710527894516],[-111.465782965967,31.63713752554354]]}"
00000000000000000025,AZ669,,53902,85,MLC,,81.2451446377,,Berm,-89.99999999999999,141.9356689453125,-10.82729188238979,,1,0.13045347889290046,-1.1882287189950655,00000000000000000025,0,31.643746496739197,-111.5010056379823,42692.879771119304,1056.9849853515625,53.71925446970807,0.1437553412281773,0.1232744162043607,0.1410926708971849,-1.9696092848055287,-1.171916622711933,-0.4449016843424639,1.9696092848055287,1.171916622711933,-2.593739827473958,1.9696092848055287,1.171916622711933,22.0,22.0,24.350458816194717,22.0,55.0,55.0,53.71681156423599,55.0,1.0,1.0,1.017106998630914,1.0,1056.319135031898,1057.578477801399,"{""type"":""LineString"",""coordinates"":[[-111.50058726654964,31.64382651116203],[-111.50142400869483,31.643666480951897]]}"
00000000000000000030,AZ669,,53875,68,MLC,,178.2489437,,Berm,-30.42796325683591,81.92474365234375,-16.201091348261784,1023.6725089716717,0,0.04999907756238086,0.49071909139478526,00000000000000000030,1,31.64854205343345,-111.42668509559263,92.68160456283516,1021.7054956157374,274.20970605926715,0.14668119830360662,0.13709062428630966,0.14795635051406725,-1.0468215758472752,-1.208079004626768,0.1556554140169434,1.0468215758472752,1.208079004626768,0.8682081257444453,1.0468215758472752,1.208079004626768,24.0,24.0,23.920508467580103,24.0,55.0,55.0,54.23942661269571,55.0,1.3325852303088592,1.2122550765942284,1.5751380817591565,1.2840642483306262,1021.1323421349954,1021.3987695934627,"{""type"":""LineString"",""coordinates"":[[-111.42757391374766,31.648283805732863],[-111.42579627249908,31.648800294975217]]}"
00000000000000000031,AZ669,,53875,68,MLC,,31.5635397355,,Berm,122.55667114257812,-49.59259033203122,2.1042084627348645,1023.2710281808036,0,-0.15706304399360071,0.8661134893441665,00000000000000000031,1,31.648142455068868,-111.42765703109713,16.76009986915468,1022.0560302734375,337.90188684529454,0.14221824686940965,0.13535582310168082,0.1489216120092606,-1.3203901111443201,-1.458754171440546,0.6173544571252402,1.3203901111443201,1.458754171440546,0.7457343608155043,1.3203901111443201,1.458754171440546,24.0,24.0,23.747795957607842,24.0,55.0,55.0,54.352543370599626,55.0,2.0,2.0,1.5808796623536594,2.0,1021.4418423109396,1021.8244581726433,"{""type"":""LineString"",""coordinates"":[[-111.42782458802999,31.648148611316735],[-111.42748947418646,31.64813629860214]]}"
0000000000000000005c,AZ669,,53875,68,MLC,,38.5906683039,,Berm,-113.05662768546662,130.4072697790843,-70.34306161930664,1021.9632347346251,0,-0.3299914438319793,-0.48908699315575666,0000000000000000005c,1,31.64837325994951,-111.42812325562333,40.723223982771074,1021.427978515625,391.3980334852871,0.13464404448011003,0.1448702239055364,0.14693675825261499,-1.1804709971141847,-0.5860501318862816,-0.566555049124228,1.1804709971141847,0.5860501318862816,1.6266542817845675,1.1804709971141847,0.5860501318862816,24.0,24.0,23.49570442888415,24.0,55.0,55.0,54.59087355860074,55.0,2.0,2.0,1.5264553446116331,2.0,1021.1681891222651,1021.5196072024261,"{""type"":""LineString"",""coordinates"":[[-111.42815467203077,31.6482057248531],[-111.42813471651527,31.648420758970843],[-111.42804095477844,31.648524078526826]]}"
00000000000000000064,AZ669,,53875,68,MLC,,84.2977178696,,Berm,-168.9243459701538,-66.93992988598302,55.679310903896784,1031.2200842994298,0,-0.09702979008566374,0.3264522119390068,00000000000000000064,1,31.633209615560066,-111.47857463751369,224.94926126665763,1030.4730224609375,133.59269081096977,0.15366035189370197,0.13992754560745246,0.13970603596847359,-0.19437981209512145,-0.4146691450193885,0.019561578073610992,0.19437981209512145,0.4146691450193885,0.8854529914712355,0.19437981209512145,0.4146691450193885,26.0,25.882122377876176,24.26365434915,26.0,50.0,50.0,51.429602875377974,50.0,2.0,2.0,1.928447338127976,2.0,1030.2153753188484,1030.3413837515097,"{""type"":""LineString"",""coordinates"":[[-111.47879878231107,31.633537943454705],[-111.47835049429872,31.632881287273865]]}"
000000000000000000e1,AZ669,,53875,68,MLC,,37.7864337158,,Berm,-180.0,-119.57789611816406,-42.89861202224743,1023.5817603498001,0,-0.14856593454669426,0.012988550709586176,000000000000000000e1,1,31.640944796235946,-111.46439900250913,153.15902940266,1022.6414974918315,81.82702006554828,0.13924295094631134,0.14944649446494468,0.14155177436443894,-2.1131362915039062,-2.3997743705243693,1.1977810329860479,2.1131362915039062,2.3997743705243693,1.132645563902391,2.1131362915039062,2.3997743705243693,23.761491241203775,23.87653581060833,24.303653332845613,23.22170542635659,51.47701751759245,52.12346418939166,52.372914474817705,52.778294573643414,2.0,2.0,1.9433850842295652,2.0,1021.7107294747606,1022.6057997696519,"{""type"":""LineString"",""coordinates"":[[-111.46453448292566,31.640818905937763],[-111.46426352172575,31.641070686391064]]}"
000000000000000000f3,AZ669,,53875,68,MLC,,43.6067026241,,Berm,-71.1937026977539,-74.15638732910156,69.61345262926599,1024.3575856365794,0,0.00644471573122485,0.07108726888745975,000000000000000000f3,1,31.6380839428067,-111.46584645123342,97.67774238569004,1022.9860229492188,20.6010084775714,0.1344958381624697,0.1286652877479012,0.13575590014790043,-0.5761160974439008,-0.45262956332322807,-4.75864330648316E-4,0.5761160974439008,0.45262956332322807,0.3036866758236556,0.5761160974439008,0.45262956332322807,22.0,22.0,24.2198168958966,22.0,56.0,56.0,52.86194787606898,56.0,2.0,2.0,1.914827333768707,2.0,1022.5613171435828,1022.8145992617751,"{""type"":""LineString"",""coordinates"":[[-111.46592992571053,31.638265566257928],[-111.46583485434145,31.638095730960817],[-111.46579197299192,31.637894355826575]]}"
00000000000000000221,AZ669,,53875,68,TCD,,119.738645381,,Berm,-90.0,-90.0,-29.483046832328114,1146.3066504255837,1,0.3815390893827154,0.2795151196765169,00000000000000000221,0,31.648730504764778,-111.56898091866717,134.4974778801551,1148.4585330733191,891.5472340175861,0.14137791696130925,0.17337055968370702,0.16558392165960786,-3.476525564707572,-3.3388158764610125,0.9583342678456573,3.476525564707572,3.3388158764610125,1.4322234407272088,3.476525564707572,3.3388158764610125,23.0,23.064413498148436,23.293982564214854,23.0,51.48307162606291,51.21493767276898,52.04939226867569,51.304191947049105,1.0,1.149272414332655,1.2565848617842499,1.0,1147.6206073467547,1148.9176189073648,"{""type"":""LineString"",""coordinates"":[[-111.56950786294588,31.648432577790185],[-111.56845397101071,31.64902842957465]]}"
00000000000000000223,AZ669,,53875,68,TCD,,130.142343465,,Berm,-30.42790221887776,-74.1582336425781,-23.60493932827448,1146.2182481425689,1,0.5375354546440747,0.217975623695946,00000000000000000223,0,31.649112979346402,-111.56707488300044,137.67742717100762,1146.8184866287652,991.4061815752106,0.13995668805378436,0.21641378437356365,0.16500397679855416,-3.215072195346238,-3.2512267899320477,1.018562122297908,3.215072195346238,3.2512267899320477,1.177170194705847,3.215072195346238,3.2512267899320477,22.990525702069764,23.650434951645032,23.059612016318574,23.021201413427566,52.0,51.26398405987267,52.348213665634766,51.785209490156504,1.0,1.0,1.5428859782644022,1.0,1145.8559459738385,1147.019793309203,"{""type"":""LineString"",""coordinates"":[[-111.56767273900803,31.64883485502527],[-111.56736972769141,31.648939206370425],[-111.56695781085656,31.64921422148687],[-111.56646136860135,31.649364214109447]]}"
00000000000000000227,AZ669,,53875,68,TCD,,73.6621234318,,Berm,-90.00000000000003,8.526512829121202E-14,9.442913764706503,1177.9312582299062,1,-0.5506917310710296,-0.2998384183056875,00000000000000000227,0,31.646311006269162,-111.58654831788905,217.19091468664055,1169.906005859375,13.028657284790427,0.1479621972829297,0.16176803074836085,0.14988715723884372,-1.8462519253516803,-1.8625912171031587,-0.02522214351680911,1.8462519253516803,1.8625912171031587,1.0435156348197931,1.8462519253516803,1.8625912171031587,24.0,24.0,24.129077559249076,24.0,50.0,50.0,51.53177970469993,50.0,1.0,1.0,1.2252081877641732,1.0,1169.0531505038352,1169.9956056141007,"{""type"":""LineString"",""coordinates"":[[-111.58692826055399,31.646374197171177],[-111.58616837574064,31.646247814241804]]}"
00000000000000000228,AZ669,,53875,68,TCD,,105.356666924,,Berm,2.842170943040401E-14,30.426696777343636,-22.116809922907223,1144.0427904100388,1,0.10508611811733243,0.07026733950282532,00000000000000000228,0,31.64423790059738,-111.56308511522681,164.0811586121087,1136.3349609375,1171.6867412671481,0.1891488156804002,0.2228753084490352,0.1513275028502946,-2.156428839139153,-2.506767928100885,0.4909366133369985,2.156428839139153,2.506767928100885,0.7504433153712853,2.156428839139153,2.506767928100885,24.0,24.0,22.613074234414693,24.0,48.210759157671205,48.0,51.97367499333914,48.0,1.0,1.0,1.2929595703561851,1.0,1135.8243153419783,1136.5739798171119,"{""type"":""LineString"",""coordinates"":[[-111.56358644667525,31.644034158222805],[-111.5625837815811,31.644441641012712]]}"
00000000000000000229,AZ669,,53875,68,TCD,,71.5653938889,,Berm,-49.59149357881972,-180.0,-26.185094402004818,1138.39501953125,1,0.3657360258817177,0.09207213528431879,00000000000000000229,0,31.64460867173003,-111.56075514547125,188.67031809055916,1133.9669872882196,1284.80498873313,0.12275272620100208,0.20994137762579385,0.16107862080864008,-2.747243962894345,-2.6479673330371725,0.8083705202720164,2.747243962894345,2.6479673330371725,0.8930000429067301,2.747243962894345,2.6479673330371725,23.474730315127832,24.0,22.69129639750264,24.0,51.0,51.32150437218781,52.087678960570884,51.0,1.0,1.3215043721877924,1.4254812108074157,1.0,1133.0974795158259,1134.2691650390625,"{""type"":""LineString"",""coordinates"":[[-111.56108137123094,31.644448253467463],[-111.56042891858577,31.644769089163002]]}"
00000000000000000233,AZ669,,53875,68,TCD,,47.2684732839,,Berm,-180.0,-130.40901565551758,-66.87859914686209,1094.7170984548375,1,0.37574636979872555,0.260314891621242,00000000000000000233,0,31.64230027920866,-111.52976636195709,97.8515312880044,1093.4449462890625,207.8512823047409,0.15207445149214932,0.2048206278026906,0.15515534348211454,-1.9920632346561433,-2.350546915023074,0.8476074884799799,1.9920632346561433,2.350546915023074,0.6888884561923684,1.9920632346561433,2.350546915023074,22.95508390918065,23.0,21.556476286066705,23.0,47.224580454096746,47.0,52.95453015535188,47.0,1.0,1.0,1.0546915939084653,1.0,1092.691183249746,1093.5893699136318,"{""type"":""LineString"",""coordinates"":[[-111.5298516057739,31.64210063408762],[-111.52968111777422,31.642499924273057]]}"
00000000000000000234,AZ669,,53875,68,TCD,,49.8885640331,,Berm,-113.05789184570314,49.591309497301665,-12.074663055606623,1096.7122852992377,1,0.683952517972966,0.15101355881672401,00000000000000000234,0,31.643239395605864,-111.5306328383887,123.67288029527691,1094.9050292968752,329.92873405722094,0.14988967111484716,0.21522533495736906,0.1551933613652678,-1.9354175660168949,-1.2318378354837023,0.819772328208425,1.9354175660168949,1.2318378354837023,0.7818084248746496,1.9354175660168949,1.2318378354837023,23.0,23.0,21.682832766296507,23.0,48.41966483065745,50.0,52.82821172266145,50.0,1.0,1.0,1.0275460059740589,1.0,1094.2780098781548,1095.068669449801,"{""type"":""LineString"",""coordinates"":[[-111.53088904012306,31.643184588916554],[-111.53037663635229,31.643294201783497]]}"
00000000000000000235,AZ669,,53875,68,TCD,,38.3300508162,,Berm,-66.94242095947266,2.842170943040401E-14,-55.95072720049528,1098.8342567692875,1,0.310446782098872,-0.11266037518120789,00000000000000000235,0,31.64419513556182,-111.53176970200887,136.33948532033406,1096.657958984375,469.85048485544473,0.1486817903126916,0.16269468943516605,0.14745075866452276,-2.1003652939773474,-2.1636457671389735,0.8090962271213205,2.1003652939773474,2.1636457671389735,0.6446600341799543,2.1003652939773474,2.1636457671389735,21.083636363636366,21.0,21.753007958136962,21.0,51.91636363636363,52.0,52.75826035220194,52.0,1.0,1.0,1.0,1.0,1095.8574645996093,1096.9826037381783,"{""type"":""LineString"",""coordinates"":[[-111.53188865599995,31.64405820515662],[-111.53173247610992,31.644211123279504],[-111.53169138707281,31.644350126533695]]}"
00000000000000000249,AZ669,,53875,68,TCD,,148.918857355,,Berm,30.424301147460938,13.219558715820312,18.678280399288436,1086.6602233288984,1,-0.15252006305537416,-0.02297413323516883,00000000000000000249,0,31.635505921269434,-111.52723806421719,83.06455424239942,1086.7218952158064,437.9894712393255,0.12373240169263117,0.17153089293970727,0.12983815070935134,-1.6209923938995416,-0.43669914476799937,1.6064423485632535,1.6209923938995416,0.43669914476799937,0.13288013449747874,1.6209923938995416,0.43669914476799937,21.32283732607123,21.49085106382979,21.572357360381787,21.40696649029982,50.67716267392878,50.50914893617021,52.62031572936387,50.59303350970018,1.3228373260712312,1.4908510638297867,1.061037863724628,1.4069664902998236,1085.694926287845,1086.382403794129,"{""type"":""LineString"",""coordinates"":[[-111.5279522965684,31.63578491748614],[-111.52720200547887,31.63547452548927],[-111.5267142717346,31.635310835419634],[-111.52649956048721,31.63529380716737]]}"
00000000000000000286,AZ669,,53875,68,TCD,,44.2230452063,,Berm,-66.9409408569336,1.1368683772161603E-13,51.23341955825988,1086.5928957821277,0,-0.04005447888569968,-0.17926735802924884,00000000000000000286,0,31.63714071437821,-111.52530058062523,105.80634217248958,1085.6729736328125,342.8709016082842,0.17791304347826092,0.1537749210153611,0.14406420865627742,-1.1996256510417425,-1.2373391735347923,0.3971531051354305,1.1996256510417425,1.2373391735347923,0.04485264948167848,1.1996256510417425,1.2373391735347923,22.285061254342658,23.0,21.078015717866943,23.0,50.285061254342665,51.0,53.002140570488095,51.0,2.0,2.0,1.2590370103747077,2.0,1085.052224470394,1085.5482649369674,"{""type"":""LineString"",""coordinates"":[[-111.5253278645179,31.63730498490104],[-111.52534834938889,31.637224288292398],[-111.52533173955587,31.63706313200132],[-111.52514863280697,31.637081799156967]]}"
00000000000000000288,AZ669,,53875,68,TCD,,49.2954945685,,Berm,30.424530029296875,-49.589293629710625,-37.99187583905723,1086.8145905127142,1,0.1158881375054226,-0.17079275322766954,00000000000000000288,0,31.63670091036964,-111.52777859455144,83.14805382651976,1087.68603515625,352.0326868833025,0.19849888214627912,0.21624548736462101,0.12599780686931789,-2.2183349609374545,-1.986875243383679,0.6451416015625,2.2183349609374545,1.986875243383679,1.2388624814430689,2.2183349609374545,1.986875243383679,21.201654477880354,23.0,21.761580000983056,22.4763491005996,50.89917276105982,50.0,52.14060328610176,50.2618254497002,1.0,1.0,1.0657130983819725,1.0,1086.9498140441915,1088.1524222839607,"{""type"":""LineString"",""coordinates"":[[-111.52759716394941,31.636856737945926],[-111.52769080303463,31.63675334633286],[-111.52774817996769,31.63671728147622],[-111.5279776113506,31.636559586723397]]}"
0000000000000000028a,AZ669,,53875,68,TCD,,25.3907021158,,Berm,-49.590728759765625,130.4092712402345,84.33805654262184,1086.2235659097726,0,-0.3596441268983805,-0.10377361279015193,0000000000000000028a,0,31.641733664051937,-111.52249840958207,132.1140239355539,1084.5870361328125,75.97129038584659,0.12775830068055266,0.22389423662726943,0.14352498174182454,-2.9447509765625455,-3.0901934416398262,1.1803539086740027,2.9447509765625455,3.0901934416398262,1.4279513888887625,2.9447509765625455,3.0901934416398262,23.0,22.59113091449183,20.605191755087315,23.0,55.0,53.7733927434755,56.27296534883749,55.0,2.0,2.0,1.3192452248074447,2.0,1083.808245100448,1085.0435028855093,"{""type"":""LineString"",""coordinates"":[[-111.52249911987555,31.641620394551424],[-111.52248945175961,31.64176374483862],[-111.52252131115253,31.641844226716685]]}"
0000000000000000028b,AZ669,,53875,68,TCD,,23.6973320088,,Berm,-90.0,0.0,-69.02271033636295,1086.346736043641,1,0.011504404707796094,0.17996479732116677,0000000000000000028b,0,31.64178548202407,-111.52428775592702,84.88327394658286,1086.740966796875,101.3415941920143,0.2223051314430031,0.25780409041980623,0.14352980851866773,-2.208702115764254,-2.3093000139508604,1.1515299479162877,2.208702115764254,2.3093000139508604,0.820865885416803,2.208702115764254,2.3093000139508604,22.0,22.0,20.681195766120112,22.0,52.0,52.0,55.5793293796222,52.0,2.0,2.0,1.269564158054296,2.0,1086.2229230100857,1087.038114107572,"{""type"":""LineString"",""coordinates"":[[-111.52432645118446,31.64168455776681],[-111.52424906058557,31.641886406269652]]}"
0000000000000000028d,AZ669,,53875,68,TCD,,18.4323758212,,Berm,0.0,-130.40935134887695,89.67632004335965,1087.0398204041644,0,-0.41242547293674275,0.045268949633284906,0000000000000000028d,0,31.641291640271103,-111.52784206891016,122.61806250603613,1090.7359619140625,82.9160473006485,0.13197184600618533,0.1484417714598141,0.1552891331063113,-2.26556396484375,-2.06964111328125,0.8017687412571679,2.26556396484375,2.06964111328125,1.2405387798601926,2.26556396484375,2.06964111328125,22.0,22.0,21.716957496337344,22.0,52.0,52.0,52.893761583272656,52.0,1.0,1.0,1.0823542685344802,1.0,1090.105129761499,1091.0445421006943,"{""type"":""LineString"",""coordinates"":[[-111.52784160086523,31.641208790725006],[-111.52784253695592,31.641374489817192]]}"
0000000000000000028e,AZ669,,53875,68,TCD,,28.3173430904,,Berm,-21.381072998046932,0.0,-77.38828737862436,1086.590718129068,1,0.16490719406740423,0.13411972703695257,0000000000000000028e,0,31.63632183200769,-111.52698955049179,74.39857287936886,1086.573974609375,428.27213287442794,0.22030427150380338,0.206528980679547,0.1259681186264702,-2.2349853515625,-2.4551887409936626,0.7159435813431022,2.2349853515625,2.4551887409936626,0.865316119597234,2.2349853515625,2.4551887409936626,22.0,21.0,21.598792056968097,22.0,50.0,51.0,52.2743719333461,50.0,2.0,1.0,1.0699485837634612,2.0,1086.077054223349,1086.7245643356248,"{""type"":""LineString"",""coordinates"":[[-111.52701763284225,31.636196319148237],[-111.52696146806552,31.636447344860994]]}"
000000000000000002a1,AZ669,,53875,68,TCD,,77.7924817785,,Berm,-90.00000000000001,-89.99999999999996,57.109236635493076,1177.9312582299062,0,0.25392726668265303,0.26714800205602635,000000000000000002a1,0,31.64921307334639,-111.5861603449639,42691.63851565429,1173.260009765625,58.98881883870739,0.1626095925734915,0.18320322336942832,0.15523702097882552,-2.9367725596318905,-2.0584716796875,2.4819439985522727,2.9367725596318905,2.0584716796875,1.3036082835128582,2.9367725596318905,2.0584716796875,24.267608151590988,24.88601592556142,24.820266404365896,24.46975898135516,52.19717554522702,50.34195222331574,51.080890173239695,51.59072305593452,1.7323918484090095,1.1139840744385794,1.3861982519727298,1.530241018644839,1171.303153704491,1172.606015241497,"{""type"":""LineString"",""coordinates"":[[-111.58606981200944,31.648895021328048],[-111.58611422196549,31.64929787638007],[-111.5862036688485,31.649369120546485],[-111.58641343966332,31.649426376614553]]}"
000000000000000002c9,AZ669,,53738,1,MLC;042919,,170.523229656,,Berm,-1.1368683772161603E-13,66.93945312500017,71.75168597161516,1034.0997162765614,1,-0.47118431958699214,0.0280748331503714,000000000000000002c9,1,31.631347793121193,-111.42043450811033,161.88027021426805,1041.0356069111153,145.67630633502824,0.16638655462184873,0.1484835018331297,0.1506084507979876,-4.711936675506649,-4.995138801416033,1.2810747775203406,4.711936675506649,4.995138801416033,0.8689656823723151,4.711936675506649,4.995138801416033,22.704345788918822,22.0,24.078638193875754,22.0,56.59130842216236,58.0,54.660538611108706,58.0,1.0,1.0,1.2143169851231814,1.0,1039.8899637633356,1040.855410846478,"{""type"":""LineString"",""coordinates"":[[-111.42032222538644,31.630644721084334],[-111.42018225031559,31.630945241104072],[-111.4207839125309,31.632044969944147]]}"
000000000000000002ca,AZ669,,53738,1,MLC;042919,,269.887119707,,Berm,66.93965676118233,-45.19149780273435,-83.1031956055324,1034.8461448902285,0,-0.2850953967901355,-0.3433457778866673,000000000000000002ca,1,31.631105551084346,-111.42317176796263,115.54273486133813,1033.710748648219,267.18829108583327,0.17049609089214157,0.1555808079256648,0.14888189720910458,-0.47958242092340697,-3.5447671906575806,-0.6214612214671433,0.47958242092340697,3.5447671906575806,0.25620283969450003,0.47958242092340697,3.5447671906575806,26.0,23.79649828463267,24.247444206964655,26.0,53.0,55.364675263220164,54.595161911019154,53.0,1.0,1.0,1.4221379856731906,1.0,1032.858891798614,1032.9764730929005,"{""type"":""LineString"",""coordinates"":[[-111.42331808483999,31.629895872064147],[-111.42302544727966,31.632315229937678]]}"
00000000000000000300,AZ669,,53875,68,MLC;110222,,127.576085649,,Berm,-49.58990342295405,-130.41002655029297,53.582207939991996,1146.1965675771532,0,0.16183660218262724,-0.06993412248119804,00000000000000000300,0,31.638910608569038,-111.5726901029077,234.66731336664014,1146.3372237400167,374.2704821413788,0.18835654596100276,0.19792616226071094,0.17328292107600243,-2.429180812557661,-1.7159826763572708,1.0655877410287455,2.429180812557661,1.7159826763572708,0.8195181563477643,2.429180812557661,1.7159826763572708,23.804119666503183,22.624411302982725,23.68957898873224,23.17493188010899,53.816086316821966,53.42248822605965,51.53230665192318,53.585831062670316,2.0,2.0,1.298601990368009,2.0,1145.7222156657547,1146.5500178807217,"{""type"":""LineString"",""coordinates"":[[-111.57304904651407,31.63939714839421],[-111.57233116305734,31.638424067739606]]}"
00000000000000000302,AZ669,,53875,68,MLC;110222,,27.0990035089,,Berm,-66.9409408569336,-130.4105015444245,-65.68492082239402,1087.1471241222905,1,0.11644404478152298,-0.19092959110279747,00000000000000000302,0,31.637500734953235,-111.53051649524504,75.74917280733791,1091.5679931640625,71.93468191928571,0.179287045666356,0.14922070425245335,0.1318265235966016,-2.137648892844709,-2.204717279647639,0.5601002409684952,2.137648892844709,2.204717279647639,0.35457479249430435,2.137648892844709,2.204717279647639,22.0,22.0,22.56232023923054,22.0,49.0,49.0,51.217921922676425,49.0,1.0,1.0,1.0,1.0,1090.564376272554,1091.402222219414,"{""type"":""LineString"",""coordinates"":[[-111.53056819204114,31.637386319386657],[-111.53046479832172,31.63761515049898]]}"
00000000000000000024,AZ669,Flank,53875,68,MLC,,97.4261363682,,Berm,-90.0,-180.0,-32.37053017430715,1028.1066415691903,1,0.19214024817824316,0.31794376104881844,00000000000000000024,1,31.6359857008242,-111.476932110033,315.47213443113964,1032.2928750999847,169.38173287723538,0.17287630402384502,0.3746637592341919,0.13765251614391774,-2.0827925807193424,-1.887156354639842,0.3939111946844302,2.0827925807193424,1.887156354639842,0.9647287837458407,2.0827925807193424,1.887156354639842,28.052233589629534,28.452580727180273,25.26366744586941,28.294137466307273,49.89553282074093,48.98804983473177,50.29914838378461,49.411725067385426,2.0,2.0,1.976040629521213,2.0,1030.3367841517631,1031.5536938954835,"{""type"":""LineString"",""coordinates"":[[-111.47734430688776,31.63572440865001],[-111.47651991086208,31.636246991674103]]}"
0000000000000000002e,AZ669,Flank,53738,1,MLC,,280.561288033,,Berm,-66.94284557360412,-49.59199523925784,55.301559682017384,1021.7983474574571,0,0.5164415696269652,0.5467956233900636,0000000000000000002e,1,31.645419720262357,-111.42691939230392,57.82006751725907,1024.9927725482464,207.84803137343638,0.1495662170437612,0.14174952956063344,0.1455129706041342,-1.3254013434913077,-0.6795695477096615,0.15664884181736247,1.3254013434913077,0.6795695477096615,0.13390213374369372,1.3254013434913077,0.6795695477096615,24.117088529141977,23.868825629835353,23.724737655979354,23.748880071675412,54.88291147085803,55.12802519341404,54.70410706734339,55.25111992832457,1.0,1.0,1.3483376621201604,1.0,1023.141264584986,1024.4228203916405,"{""type"":""LineString"",""coordinates"":[[-111.42744001041557,31.646479425206714],[-111.42742065780529,31.645682319721523],[-111.42715761497229,31.645401055632963],[-111.42636002898578,31.644996179858918],[-111.42605402880399,31.644477697139976]]}"
0000000000000000002f,AZ669,Flank,53875,68,MLC,,96.6017704997,,Berm,-113.05671691894531,-96.93391418457033,-1.715733641700881,1022.0474634486965,0,-0.3678049372524405,-0.1522924794548523,0000000000000000002f,1,31.647616133271395,-111.42841757459688,64.29953502886273,1023.4923699235119,390.42250356853737,0.15712630359212054,0.1597345949830024,0.14504789856411715,-1.4939834455752816,-1.435671858238436,1.362121749535087,1.4939834455752816,1.435671858238436,0.8483068929501769,1.4939834455752816,1.435671858238436,24.0,23.928401415246057,23.80815186453474,24.0,55.0,55.07159858475392,54.36646570650184,55.0,2.0,1.9284014152460593,1.5743105267142314,2.0,1021.5708057795564,1022.2415587701645,"{""type"":""LineString"",""coordinates"":[[-111.42892134627274,31.647571684846223],[-111.42843480503072,31.647644974520503],[-111.42791108342658,31.647601946416227]]}"
000000000000000000f2,AZ669,Flank,53875,68,MLC,,67.1336745214,,Berm,0.0,-21.381195068359403,87.23165286857136,1026.853209919541,0,-0.9847686399637758,-0.07411319478257795,000000000000000000f2,1,31.636837358085927,-111.47251581632969,171.18331465673975,1026.5402181552768,426.734800003024,0.14314670757094336,0.15728618622292917,0.1416456650873483,-3.7611869728934835,-2.2971722656649263,2.9246333520901167,3.7611869728934835,2.2971722656649263,2.4930940216726563,3.7611869728934835,2.2971722656649263,26.0,26.489795918367342,25.85139682297483,26.0,50.16357775987109,50.006265664160395,50.111291250623914,50.25,2.0,2.0,2.0,2.0,1025.742156568732,1026.820634936713,"{""type"":""LineString"",""coordinates"":[[-111.4725304311686,31.63713960130518],[-111.47250120158579,31.636535114864998]]}"
0000000000000000021d,AZ669,Flank,53875,68,TCD,,169.702853665,,Berm,-49.59302889552774,-8.526512829121202E-14,-35.14215873470279,1178.721237728421,1,0.29234156002270917,-0.433683914620715,0000000000000000021d,0,31.649305897682147,-111.5896977213721,99.49787402101161,1177.9308701102616,346.7870666120595,0.16220778060306937,0.18005790807093736,0.1592609327282603,-3.4745384847497007,-3.1639700318526134,2.8599591557773847,3.4745384847497007,3.1639700318526134,0.8880434568152397,3.4745384847497007,3.1639700318526134,24.39948827292112,25.084168336673347,24.963764447196816,24.337381404174575,51.170063965884886,51.855967253656246,51.227895267335064,51.097533206831116,1.4555223880597012,1.9800451967765318,1.3548965442233785,1.4132827324478179,1176.1322544084323,1177.679474187981,"{""type"":""LineString"",""coordinates"":[[-111.59045252805315,31.649022611223316],[-111.58950607543682,31.64920164466738],[-111.58945423294031,31.649282495856713],[-111.58924852894268,31.64987012016058]]}"
0000000000000000021e,AZ669,Flank,53783,23,TCD,,228.90315884,,Berm,-49.59289689290486,-49.593093273679074,-6.078832180681152,1177.5316169196183,1,1.0454384249290705,0.07745466483029605,0000000000000000021e,0,31.649106030140672,-111.59175140769442,133.16517521394235,1178.8782163955625,282.60040423181437,0.15545868810687014,0.16374055543864915,0.15920571254070207,-3.166735623415661,-2.931333130589678,1.801982727337948,3.166735623415661,2.931333130589678,1.2285423870469003,3.166735623415661,2.931333130589678,24.01891528985931,24.559093031399552,25.31575239326314,24.03994334277621,51.50945764492966,52.86518034317729,51.034725072779565,51.5199716713881,1.0,1.8857826543714251,1.360859983959012,1.0,1177.2809226027273,1178.4289642537617,"{""type"":""LineString"",""coordinates"":[[-111.59288119175578,31.6489441771066],[-111.5923747500253,31.649161493116118],[-111.59195096108978,31.649203765046614],[-111.59137387885795,31.64901386746725],[-111.59059492369809,31.649187654406933]]}"
00000000000000000222,AZ669,Flank,53875,68,TCD,,72.579712379,,Berm,-30.427700173719217,-113.05653381347656,-21.838984142583183,1146.4280171384837,1,0.8354762369470325,0.20130506182383157,00000000000000000222,0,31.648481094850524,-111.57117820049245,171.8893096298595,1150.7473061301491,765.5501627232891,0.13859864781807008,0.2269761606022585,0.1655936118166227,-2.9729879378553505,-3.178260469018937,1.6860848885994528,2.9729879378553505,3.178260469018937,1.0397841490366015,2.9729879378553505,3.178260469018937,23.76548189227796,24.0,23.54867933424491,24.0,49.469036215444085,49.0,51.86912065632519,49.0,1.7654818922779596,2.0,1.2676901315479288,2.0,1149.7250670644412,1151.057748686607,"{""type"":""LineString"",""coordinates"":[[-111.5715228811537,31.648342959640004],[-111.5708335188068,31.648619229134855]]}"
00000000000000000224,AZ669,Flank,53875,68,TCD,,521.168839934,,Berm,-90.00000000000004,-89.99999999999999,-86.1630501309232,1146.2830352954074,1,-0.07013758982111391,-0.029256664937311737,00000000000000000224,0,31.642808903998226,-111.57110050576682,335.4590570623457,1146.1965675771532,780.7623321529171,0.15002758165025562,0.13892709008485962,0.16751800007645432,-2.983428631236393,-3.0623066864567363,1.2397719358568793,2.983428631236393,3.0623066864567363,1.171657407034748,2.983428631236393,3.0623066864567363,24.47472059606173,23.52398570740731,23.53219263345271,23.54066488572277,51.04389366177551,52.988456957502336,51.778652948650695,52.70436331255564,1.0124432955726195,1.077709637363473,1.2145428810562808,1.076061145740576,1144.921662078736,1146.0466154779754,"{""type"":""LineString"",""coordinates"":[[-111.57105087758549,31.640498842460655],[-111.57129654087933,31.642150289050438],[-111.57137283986523,31.642642576293078],[-111.57121039255517,31.643471815137108],[-111.5708430166317,31.64417657388471],[-111.57066790386115,31.644647593216526],[-111.57074381875188,31.645077184193525]]}"
00000000000000000225,AZ669,Flank,53875,68,TCD,,63.0501357086,,Berm,-149.5733757019043,-49.591559216962224,-74.55926108997764,1169.8412668052042,1,0.0051242387922170295,0.24796286953388674,00000000000000000225,0,31.644238720483163,-111.58285772158017,175.27112453252025,1163.653490465987,396.4160395557867,0.18248932275777913,0.16205869842620166,0.15767311131999348,-2.8550149184095517,-2.7049916250721253,0.8976264143954419,2.8550149184095517,2.7049916250721253,0.743071319872115,2.8550149184095517,2.7049916250721253,24.0,24.344974044360544,24.192190458933204,24.0,51.0,50.65502595563943,51.196701890400675,51.0,1.0,1.0,1.2080759234197254,1.0,1162.5116779615385,1163.7306994391954,"{""type"":""LineString"",""coordinates"":[[-111.58293451180946,31.643960706714314],[-111.58278093089162,31.644516734206054]]}"
00000000000000000226,AZ669,Flank,53875,68,TCD,,85.6943058643,,Berm,0.0,-21.38282775878909,-9.748682396469508,1169.9074563750935,1,0.9877971260980554,-0.680306351943839,00000000000000000226,0,31.644616576157123,-111.58494099877466,198.2829271622348,1166.3473471065117,210.08262752589417,0.13366336633663364,0.14376696596366673,0.1508574582602001,-2.783548137470916,-2.802426945362072,1.4996287027994033,2.783548137470916,2.802426945362072,2.6628715437160126,2.783548137470916,2.802426945362072,25.0,24.900753498385356,24.108525627977922,25.0,50.0,49.62023681377824,51.48638948544651,50.0,1.0,1.0,1.2293968836844138,1.0,1165.1645798111617,1166.1489305885266,"{""type"":""LineString"",""coordinates"":[[-111.58449911475607,31.64469249443367],[-111.58538288207157,31.644540656358426]]}"
0000000000000000022b,AZ669,Flank,53875,68,TCD,,72.0236861172,,Berm,-90.00000000000003,113.05643662517599,-63.30672496426325,1117.2175719718623,1,0.2995345707643104,0.29639052308685654,0000000000000000022b,0,31.64896144210437,-111.54949140773252,144.46966495770386,1121.690998241348,803.1026757916036,0.10985645058059795,0.11007393715341954,0.16699288643078464,-3.2582284368888854,-3.3895785386615667,1.4161776990776314,3.2582284368888854,3.3895785386615667,0.8155492682472716,3.2582284368888854,3.3895785386615667,22.001595164133995,22.510497144776636,22.724483180536016,22.112433862433864,51.0,50.81483036614042,52.64115761513547,51.0,1.0,1.0,1.3055014599514783,1.0,1121.2110972891242,1122.5584348998939,"{""type"":""LineString"",""coordinates"":[[-111.54964147444748,31.648662979341676],[-111.54934134005386,31.649259904691508]]}"
0000000000000000022d,AZ669,Flank,53875,68,TCD,,81.1826906498,,Berm,-74.157958984375,90.00000000000006,-52.16438844829773,1112.5505768964013,1,0.10687192404341,0.2662725667737724,0000000000000000022d,0,31.647618545970097,-111.5463204194311,185.67418161591226,1116.854268427126,690.5140875636797,0.09420689655172419,0.11717369970559371,0.1532919153200884,-3.1911835067573975,-3.54119633668563,1.3536374359864567,3.1911835067573975,3.54119633668563,1.0143789877512668,3.1911835067573975,3.54119633668563,23.0,23.0,22.002319720473697,23.0,50.0,50.0,52.100898841689634,50.0,1.0,1.0,1.097318273148086,1.0,1115.6138726128472,1116.9453430690953,"{""type"":""LineString"",""coordinates"":[[-111.54653428672076,31.647310394686876],[-111.54651907938151,31.6473955503102],[-111.54606663995803,31.647912508136596]]}"
00000000000000000231,AZ669,Flank,53875,68,TCD,,49.8340776684,,Berm,-130.41087341308594,-130.41083258494746,-55.56543365753112,1086.5311140172996,1,0.3616479373659852,0.33218863343586347,00000000000000000231,0,31.636337783250816,-111.52311081812839,73.20218890798992,1082.8800276996933,460.1876144496795,0.21442687747035571,0.21452163382142464,0.15129646919072723,-2.877512142827527,-2.4882634263461796,1.340786452079404,2.877512142827527,2.4882634263461796,0.9789249000906846,2.877512142827527,2.4882634263461796,21.30740172352733,22.740915526191593,20.9864522123278,23.0,51.846299138236326,50.74091552619159,54.25110271897149,51.0,1.153700861763664,2.0,1.4046108865273859,2.0,1081.7380058820856,1083.0114715519883,"{""type"":""LineString"",""coordinates"":[[-111.52324321862062,31.636144666769276],[-111.52297841708628,31.636530899595712]]}"
00000000000000000232,AZ669,Flank,53875,68,TCD,,34.5752045374,,Berm,0.0,-8.526512829121202E-14,-53.31877870550515,1091.5738162036528,1,0.6014282476676355,0.3130064659715906,00000000000000000232,0,31.641761687226598,-111.52897022373284,96.36592308704601,1092.1390380859375,138.19308298911042,0.1411820380691976,0.1552685374465712,0.15519963859797536,-2.4814376143722257,-2.2025269475149116,0.9394208578097125,2.4814376143722257,2.2025269475149116,0.9569540171014523,2.4814376143722257,2.2025269475149116,22.0,22.80943943298969,21.62951827132755,22.0,52.0,47.95280283505154,52.756761314049974,52.0,1.0,1.0,1.0923911433564917,1.0,1091.457380623653,1092.4787109375,"{""type"":""LineString"",""coordinates"":[[-111.52906893603534,31.641629163661232],[-111.52887151114896,31.64189421071602]]}"
00000000000000000238,AZ669,Flank,53875,68,TCD,,77.7961640426,,Berm,2.842170943040401E-14,-66.94110260838272,-79.15917382092897,1087.771326452417,1,-0.04162072422056649,-0.5152325200459299,00000000000000000238,0,31.638193748187298,-111.53109467092696,87.36452805291553,1092.8174037455592,9.213055626768655,0.11275871337693759,0.12033426183844009,0.13383376320829968,-3.828858914423336,-3.010202980146005,0.8666341861786957,3.828858914423336,3.010202980146005,1.486396212538163,3.828858914423336,3.010202980146005,22.0,22.0,22.838715410651115,22.0,49.0,50.94868585732166,50.925903174816455,49.0,1.0,1.0,1.0,1.0,1091.2326700179303,1093.2655474630255,"{""type"":""LineString"",""coordinates"":[[-111.53103539492946,31.638539819544327],[-111.53109091359772,31.638176833386822],[-111.53116757363942,31.637849586908587]]}"
00000000000000000239,AZ669,Flank,53875,68,TCD,,122.326593026,,Berm,-57.44014739990229,-89.99999999999996,-65.6466182534391,1116.3452834616855,1,0.12350153205232196,0.04439228604206809,00000000000000000239,0,31.63721648526142,-111.54598128346869,42694.3503423016,1112.0382456218229,1443.4012125247757,0.13331734587744165,0.1495418848167539,0.14936149889718864,-2.6907808117555305,-2.5725591493539923,1.0108747301887888,2.6907808117555305,2.5725591493539923,0.5153989225702086,2.6907808117555305,2.5725591493539923,23.123563952004087,24.0,22.523034186229832,23.734840132304303,49.12290017870821,49.0,50.56710542982609,49.0,1.0,1.0,1.0,1.0,1110.566508539127,1111.9922952777806,"{""type"":""LineString"",""coordinates"":[[-111.54622623761307,31.636706739281273],[-111.54595197700081,31.63724980548882],[-111.54576112555934,31.637734294636726]]}"
0000000000000000023a,AZ669,Flank,53875,68,TCD,,129.031401101,,Berm,-113.05931091308594,-49.589361531788995,-23.86832482819277,1112.0382456218229,1,0.030580731984539714,-0.17447162687398,0000000000000000023a,0,31.636743812091353,-111.54975312506673,42694.4522760415,1116.3452834616855,1085.3113795746156,0.15476993013014814,0.15943160419519162,0.1489012986837679,-1.5771274570097373,-1.936629130323354,0.15383677133020987,1.5771274570097373,1.936629130323354,0.36549874631835644,1.5771274570097373,1.936629130323354,23.0,23.0,22.769351670352524,23.0,49.16083166966938,49.984422159478136,50.801073917705466,49.7449508026929,1.0,1.0,1.0098334254791583,1.0,1114.944734673074,1115.9764792944857,"{""type"":""LineString"",""coordinates"":[[-111.55034441045919,31.636460652548386],[-111.55014626620294,31.63659138169673],[-111.54913835940738,31.636994303325753]]}"
00000000000000000285,AZ669,Flank,53875,68,TCD,,39.8921271593,,Berm,-1.4210854715202004E-13,-90.00000000000004,-89.48343967400942,1086.5311140172996,1,-0.032453520979152085,0.18194620030036068,00000000000000000285,0,31.63714532464959,-111.52276461871189,60.16790470574833,1083.60498046875,382.2046642975026,0.13279002876318313,0.17719680464778503,0.15338095661202072,-3.1440874951701976,-2.570913230013957,1.3346176394369045,3.1440874951701976,2.570913230013957,0.890553327960409,3.1440874951701976,2.570913230013957,20.0,21.773133467858173,20.912870370161897,20.0,53.0,50.34029979821275,54.56473236231599,53.0,1.0,1.8865667339290866,1.458719004635937,1.0,1082.0508589903725,1083.1814599609374,"{""type"":""LineString"",""coordinates"":[[-111.52276623386746,31.636966179516612],[-111.5227630035501,31.637324469782552]]}"
00000000000000000287,AZ669,Flank,53875,68,TCD,,41.2106326976,,Berm,-90.00000000000001,-49.58946430898473,-28.526067280400774,1086.5928269131025,1,-0.081500348668015,-0.26982059746796505,00000000000000000287,0,31.637142570309827,-111.52670365728046,75.64547183443821,1087.003087269176,340.9331947797765,0.20883392226148412,0.17738822772595692,0.12599501029423402,-2.144555664062409,-1.6809168413840325,0.8941046331347023,2.144555664062409,1.6809168413840325,0.8093008710636695,2.144555664062409,1.6809168413840325,22.944048118617992,23.0,21.69187737600273,23.0,50.944048118618,50.90208420758148,52.13909407276601,51.0,2.0,1.9020842075814801,1.1144826376570105,2.0,1086.322373046875,1087.1606975542813,"{""type"":""LineString"",""coordinates"":[[-111.5265210048628,31.63724184986897],[-111.52688630930815,31.63704329049064]]}"
00000000000000000289,AZ669,Flank,53875,68,TCD,,22.0999337107,,Berm,-60.421447753906236,-105.84352245510976,-87.2800731691041,1086.5311140172996,1,0.37076240270745187,0.24358057117556142,00000000000000000289,0,31.63830288201067,-111.5244331080231,74.17649087804644,1084.9100341796875,241.35055562973957,0.22362571831291342,0.2339210330270673,0.15920159173315238,-2.4579658508298508,-2.3105483179114117,0.5333851774241793,2.4579658508298508,2.3105483179114117,0.9780617492568429,2.4579658508298508,2.3105483179114117,22.0,22.141748942172075,20.607792895420868,22.0,50.0,50.14174894217207,54.187924782594756,50.0,2.0,2.0,1.4175384269807134,2.0,1083.9333821614584,1084.7729126639804,"{""type"":""LineString"",""coordinates"":[[-111.52443778965039,31.638204336623307],[-111.52442842638587,31.638401427397866]]}"
000000000000000002a0,AZ669,Flank,53875,68,TCD,,27.4208613238,,Berm,-180.0,-74.15760040283203,-73.15778434388629,1096.6004025072193,1,0.2960168097387044,0.038187552002317764,000000000000000002a0,0,31.645076193913265,-111.52952744906999,201.92447719182775,1093.6590576171875,482.2394281141184,0.14377097315436244,0.16755074977047843,0.15325976302496536,-2.173788989690138,-2.119712981167254,1.1341117729091366,2.173788989690138,2.119712981167254,1.1889927302934211,2.173788989690138,2.119712981167254,21.25420043486855,19.03401898734177,21.240946533449648,19.928116469517747,52.98359359557225,55.94897151898735,54.33874085918696,54.60782529572339,1.0,1.0,1.0490165364427142,1.0,1093.160620534522,1094.1439819335938,"{""type"":""LineString"",""coordinates"":[[-111.52955368857397,31.644954646934465],[-111.52952324355033,31.645124954529678],[-111.52948174471783,31.645192303495183]]}"
00000000000000000303,AZ669,Flank,53875,68,MLC;110222,,23.9506470732,,Berm,-90.0,-49.588623046875,-57.67367401060094,1086.473150261769,1,0.14987174511395854,-0.12314699185973141,00000000000000000303,0,31.634558481380793,-111.52234709371227,186.67398741375774,1080.4000244140625,645.7475313768805,0.18213270437076792,0.19112627986348124,0.15333849118235005,-3.1339882416839373,-3.0122606682054993,0.5892446801173415,3.1339882416839373,3.0122606682054993,1.2886706449592111,3.1339882416839373,3.0122606682054993,21.0,21.01106684373616,21.353042000849516,21.0,52.0,51.994466578131906,54.142691452414844,52.0,1.979623477297896,1.0451527224435588,1.4649461559603234,1.6802030456852792,1079.3334939813167,1080.7686264935662,"{""type"":""LineString"",""coordinates"":[[-111.52240676316241,31.6344641894843],[-111.52228742414114,31.634652773249524]]}"
00000000000000000307,AZ669,Flank,53875,68,MLC;110222,,36.2376180777,,Berm,-130.4102893194454,130.410369873047,59.01379172513528,1086.5928957821277,0,0.1524152655040351,0.3831693687134524,00000000000000000307,0,31.638235638181182,-111.52716785305941,118.65169837807544,1088.14697265625,235.8474041658361,0.27748086967083685,0.17414330218068536,0.13756964326784935,-1.4627919731069596,-1.390267949788722,0.6200788644055895,1.4627919731069596,1.390267949788722,-0.0743998674905318,1.4627919731069596,1.390267949788722,23.0,23.0,22.321228613736462,23.0,50.97039576191959,50.0,51.100370389182146,50.29717813051146,1.9703957619196009,1.0,1.0537083849390696,1.2971781305114638,1087.4177771203906,1088.1227175195922,"{""type"":""LineString"",""coordinates"":[[-111.52708066183543,31.638090448207375],[-111.52725504455563,31.638380828095734]]}"
0000000000000000000a,AZ669,Breach,53875,68,MLC,,67.2011317682,,Berm,74.15562438964844,89.99999999999994,1.5902729290586344,1029.1094461407577,0,0.3864586548029595,0.018306975577253668,0000000000000000000a,1,31.632794660251037,-111.47093290929445,108.78848169902926,1026.980345718504,13.029585990505776,0.13441990886785843,0.12732147568536284,0.13038630479113578,-1.7092887174462703,-2.888449739118755,0.4675158999320198,1.7092887174462703,2.888449739118755,0.49431435652574385,1.7092887174462703,2.888449739118755,24.0,24.731163620151573,23.627816034501055,24.0,54.59132297803961,53.427641551493515,53.71002595192365,54.55555555555556,2.0,2.0,2.0,2.0,1026.5972427953411,1027.1897705078125,"{""type"":""LineString"",""coordinates"":[[-111.47128889826422,31.63280454294553],[-111.47057692040032,31.632784776568858]]}"
000000000000000000e0,AZ669,Breach,53793,27,MLC,,54.2396361733,,Berm,49.58929443359375,-180.0,88.480700897517,1027.164121224994,0,-0.1614163395878087,-0.1723336609931679,000000000000000000e0,1,31.637010293177507,-111.47418915641605,170.44424312659288,1029.1817933325674,431.2934033112101,0.15637671680837148,0.12857142857142856,0.13964556403251088,-2.501486052590735,-2.5054684047685214,0.5722698213590623,2.501486052590735,2.5054684047685214,0.9005667629852117,2.501486052590735,2.5054684047685214,27.0,27.0,25.89141490211238,27.0,50.0,50.0,49.9258247769856,50.0,2.0,2.0,1.9747593660392802,2.0,1027.6177899396853,1028.9646782191567,"{""type"":""LineString"",""coordinates"":[[-111.47418268341782,31.636766240165162],[-111.47419562944825,31.637254346189525]]}"
0000000000000000011d,AZ669,Breach,53875,68,MLC,,50.8688033948,,Berm,-102.0162124633789,2.842170943040401E-14,85.12388045334819,1029.5918104670955,0,-0.3678616604639173,-0.07849502170133404,0000000000000000011d,1,31.634764854582542,-111.47404951772775,193.90830647101222,1028.024753845844,360.7884286751985,0.19965973127493444,0.2950542005420055,0.14554114239647847,-2.7492231874598474,-1.5980205197018906,2.489298545733997,2.7492231874598474,1.5980205197018906,0.848089539178621,2.7492231874598474,1.5980205197018906,26.780392156862746,26.32902928291445,25.702020210809152,26.333333333333332,49.27450980392157,49.83871339635693,50.12649592877667,49.833333333333336,2.0,2.0,2.0,2.0,1026.0074334800715,1026.6797091298986,"{""type"":""LineString"",""coordinates"":[[-111.4740689967113,31.63499318472035],[-111.47403003883984,31.634536524441778]]}"
0000000000000000022a,AZ669,Breach,53875,68,TCD,,66.2638719859,,Berm,-102.01436614990234,-163.63363647460938,-56.28257095461736,1119.8590332234025,1,0.29454049069254884,0.5774943014448232,0000000000000000022a,0,31.64968743224016,-111.55093800833293,165.64539102019467,1124.948657970138,749.8422259636995,0.1012068019747669,0.10849406528189905,0.1688898865714583,-3.534352520712218,-3.4795683428391158,1.4969416805278495,3.534352520712218,3.4795683428391158,1.5794336645512885,3.534352520712218,3.4795683428391158,22.049502262443436,22.0,22.98503625004746,22.0,50.95049773755653,51.0,53.025676051569185,51.0,1.0,1.0,1.43775932323947,1.0,1123.881644641264,1125.2070912155893,"{""type"":""LineString"",""coordinates"":[[-111.55111185437676,31.64942693194823],[-111.55076416131469,31.649947932296474]]}"
0000000000000000022c,AZ669,Breach,53875,68,TCD,,61.755167323,,Berm,-49.592681884765625,-16.366134643554744,-40.186388052778355,1117.2845789389864,1,-0.0569385053049936,0.44629547010896464,0000000000000000022c,0,31.64829546564921,-111.54814465119779,153.88752612224084,1119.8967042879297,786.1763223425851,0.11267605633802816,0.1316929133858268,0.1611480141003902,-3.052095418901672,-3.1103843614755533,1.0203238849942409,3.052095418901672,3.1103843614755533,1.0502663201926528,3.052095418901672,3.1103843614755533,22.573366931575883,22.0,22.407361940828583,22.123636363636358,50.426633068424096,51.0,52.28432366707297,50.876363636363635,1.0,1.0,1.206696692262257,1.0,1118.7256959387385,1120.1020118915928,"{""type"":""LineString"",""coordinates"":[[-111.54837646979935,31.64809965750553],[-111.54791283161961,31.64849127337393]]}"
0000000000000000022e,AZ669,Breach,53875,68,TCD,,94.9417889785,,Berm,-105.84212493896484,-90.00000000000001,-63.83613499159455,1116.8278100188263,1,0.42129774976687867,0.396562596453646,0000000000000000022e,0,31.647272904382223,-111.54377774354278,234.01647966191507,1112.2856559932509,565.5284462504324,0.1081539166284929,0.1164759292537596,0.1469701627755397,-2.953181159069345,-3.128285594215299,0.7108570800119196,2.953181159069345,3.128285594215299,2.2688401469000987,2.953181159069345,3.128285594215299,21.84606909067342,23.010110174983804,21.625610165014084,21.987158908507226,49.90602112904272,49.78457550226831,52.64779754992695,50.36757624398074,1.0,1.0,1.0043599172175306,1.0,1111.2418789095736,1112.4141716618633,"{""type"":""LineString"",""coordinates"":[[-111.54397176310651,31.646877974196624],[-111.5435837223305,31.647667834274362]]}"
0000000000000000022f,AZ669,Breach,53875,68,TCD,,137.165273408,,Berm,-30.42729187011716,-66.9428482055664,-72.53757776734678,1112.6584145989216,1,0.5670960420352527,0.2532403217552678,0000000000000000022f,0,31.646292050183316,-111.54168845255373,236.2842380218702,1109.2462819080479,621.9222472190728,0.09842450939451582,0.10802150638363578,0.14161938389320242,-3.3794347891941925,-2.819992091941913,1.7200064112724553,3.3794347891941925,2.819992091941913,1.614927623533428,3.3794347891941925,2.819992091941913,23.0,22.995155614460025,21.629456008890557,23.0,51.80665508730231,47.01782368264704,52.55006058602623,48.912325285895804,1.0,1.0,1.0,1.0,1107.8052875643543,1109.195223726136,"{""type"":""LineString"",""coordinates"":[[-111.54187607506519,31.645695619952438],[-111.54150082763479,31.64688848013977]]}"
00000000000000000230,AZ669,Breach,53875,68,TCD,,82.2881950802,,Berm,-89.99999999999999,-49.590296217232634,-27.10201593183944,1096.8460589940105,1,0.68609945339345,0.5142621331819593,00000000000000000230,0,31.64006691984786,-111.53640449206172,361.6280070065553,1099.510494189993,558.6576946368111,0.13608247422680414,0.1118272138834315,0.145064511279494,-2.2956656289413786,-1.9990757870440345,1.236945423167602,2.2956656289413786,1.9990757870440345,1.4760051011501218,2.2956656289413786,1.9990757870440345,22.0,22.0,22.42590643777292,22.0,52.0,52.0,50.88935318332764,52.0,1.0,1.0,1.0,1.0,1098.9570596469212,1099.8711453905626,"{""type"":""LineString"",""coordinates"":[[-111.53677507213092,31.639877267070236],[-111.53603391048087,31.64025657155504]]}"
00000000000000000237,AZ669,Breach,53875,68,TCD,,217.002358332,,Berm,-49.58932341447374,-90.00000000000003,-64.98296670849017,1091.5382211425415,1,0.22184308954111276,-0.17412335808154425,00000000000000000237,0,31.637003449312797,-111.53409272465748,389.14741812258336,1096.847094146899,298.39648399787234,0.14820424077339353,0.18924534095450812,0.13379899436086018,-3.1706936449627388,-2.979371148539144,1.040744608346434,3.1706936449627388,2.979371148539144,0.41766245553844783,3.1706936449627388,2.979371148539144,22.0,22.0,22.48744099255479,22.0,49.624193737539564,49.22582536797046,51.29060830346947,49.3164515061238,1.0,1.0,1.0,1.0,1095.007846016257,1096.816244313118,"{""type"":""LineString"",""coordinates"":[[-111.53451294604,31.636093503942842],[-111.53422863620965,31.63672167828143],[-111.53366485615373,31.637910827841086]]}"
00000000000000000245,AZ669,Breach,53875,68,TCD,,141.660410311,,Berm,30.42700195312503,-130.40813142208205,63.02217450109899,1096.6734811153553,0,0.20362269313960907,0.14025644739364476,00000000000000000245,0,31.64565841039903,-111.53423523768298,104.02192311753866,1099.3245864556761,721.8491161232588,0.18034187965307544,0.1730940373776328,0.14551917044986046,-1.386528981916399,-1.5737108050051347,0.5590846178059413,1.386528981916399,1.5737108050051347,0.7160848464752689,1.386528981916399,1.5737108050051347,21.00547678989445,21.154280920210187,21.715050973305072,21.0,52.9972616050528,52.922859539894894,53.345763908759324,53.0,1.0,1.0,1.0,1.0,1099.0502707901553,1099.6607301106174,"{""type"":""LineString"",""coordinates"":[[-111.53393609590101,31.645070745391155],[-111.53453438324685,31.646246074709303]]}"
0000000000000000024c,AZ669,Breach,53875,68,TCD,,242.689640605,,Berm,2.842170943040401E-14,8.526512829121202E-14,-27.518922322088937,1146.4280171384837,1,0.49442019013327165,0.41590835503018386,0000000000000000024c,0,31.64740277938509,-111.56745738902043,147.82707500610266,1144.7460575605242,1101.0884526865445,0.11278925633355874,0.2103342387616583,0.16307478111535584,-3.510019625062341,-3.471372198082122,1.3979493766309283,3.510019625062341,3.471372198082122,1.2481082327072575,3.510019625062341,3.471372198082122,21.553975693065386,22.913983903420533,22.938610938355684,22.35983618133031,52.48200810231155,52.02038547071906,52.33864834806425,52.21338793955654,1.0,1.0,1.4079947383312426,1.0,1143.6166003130406,1145.1011822858923,"{""type"":""LineString"",""coordinates"":[[-111.56852944863812,31.646806787148552],[-111.56821106670587,31.6469649502171],[-111.56723559969177,31.647542529124937],[-111.56678178086521,31.647813251448127],[-111.56635326590407,31.64794054979251]]}"
00000000000000000272,AZ669,Breach,53875,68,TCD,,118.502416907,,Berm,-113.05977908535739,-130.4114357253173,-54.36266255572521,,1,0.8360273472461308,1.1964864721985464,00000000000000000272,0,31.63456012605222,-111.57894466716898,42694.94845003523,1146.515650963497,667.4341340103813,0.14395093697223788,0.1587325548344263,0.15282337362912424,-2.753138087367688,-3.0804824429341124,1.1509043630625608,2.753138087367688,3.0804824429341124,1.8262840040479962,2.753138087367688,3.0804824429341124,24.29001051524711,23.74395373291273,23.69576825568696,24.418355855855857,53.83995793901157,53.53186119873817,53.05672620757794,52.882882882882875,1.7099894847528918,1.632965299684543,1.468959398495323,1.4707207207207205,1145.2348325814437,1146.2988964926576,"{""type"":""LineString"",""coordinates"":[[-111.5792769883487,31.634106869351978],[-111.57892396975555,31.63457870734551],[-111.57862309690967,31.635018958921542]]}"
0000000000000000028c,AZ669,Breach,53875,68,TCD,,49.1811183474,,Berm,-113.05813598632811,-113.05813423504766,71.94614967550758,1086.5311653816732,0,-0.016584291309076887,-0.19591285990828403,0000000000000000028c,0,31.64167456971614,-111.52512209646257,81.62910075743368,1087.5608428030305,104.02302507201864,0.2514538558786346,0.2643816741302101,0.14746717947829865,-2.4415069439889976,-2.3026099408162963,0.8717538305844149,2.4415069439889976,2.3026099408162963,1.411044944125403,2.4415069439889976,2.3026099408162963,22.04343675417661,24.0,20.8073078440253,24.0,51.95656324582339,50.0,55.0027739224024,50.0,1.9782816229116948,1.0,1.2399277299711218,1.0,1087.1037027071516,1088.1610427458538,"{""type"":""LineString"",""coordinates"":[[-111.52505284922958,31.641462127736396],[-111.52519134401199,31.641887011658493]]}"
00000000000000000301,AZ669,Breach,53875,68,MLC;110222,,66.0953401648,,Berm,-149.57551171426994,130.41104125976568,70.54445264365725,,0,0.4950981141502653,0.6680964215373864,00000000000000000301,0,31.636243482765888,-111.56238991843527,42694.566201698086,1131.4469515300411,425.40363555488165,0.14383977341695325,0.12658677769879156,0.1557704359107543,-1.4537261318823766,-2.145276840101019,0.7780639057474067,1.4537261318823766,2.145276840101019,0.16741174825369853,1.4537261318823766,2.145276840101019,22.033775868801246,26.0,23.49138622030166,22.70281543274244,51.0,50.0,51.078749523431945,50.824296141814386,1.0,1.0,1.1978424996833452,1.0,1130.9651828356898,1131.410588923717,"{""type"":""LineString"",""coordinates"":[[-111.5623600331651,31.63596940409079],[-111.56230377507251,31.636189095951785],[-111.56254641830905,31.636497040114328]]}"
00000000000000000305,AZ669,Breach,53875,68,MLC;110222,,40.2832933516,,Berm,-130.40876007080078,-130.40878118431496,-73.05148550290153,1086.4113015983912,1,-0.6093369283134444,0.09318470971698616,00000000000000000305,0,31.643182140865537,-111.52225395817493,140.47715724970382,1083.3169320316638,226.88339156798918,0.14208434533009495,0.16873656556006691,0.1435553389639725,-3.0184445198640333,-3.377177648003567,0.8616799184536225,3.0184445198640333,3.377177648003567,2.113962911998139,3.0184445198640333,3.377177648003567,19.424310635903204,19.0,20.763790965757714,19.0,57.681767023072574,58.0,56.520193365280285,58.0,2.0,2.0,1.2496597713020035,2.0,1082.5714208164115,1083.8816781217736,"{""type"":""LineString"",""coordinates"":[[-111.52230793508838,31.643005020901736],[-111.52219998105582,31.643359260806626]]}"
000000000000000000e2,AZ669,Breach and Flank,53875,68,MLC,,147.465563175,,Berm,49.59031849572219,124.25842285156244,-30.124075443939336,1023.0469762133603,0,-0.2187929849248278,-0.6253641092979592,000000000000000000e2,1,31.640162367633803,-111.46280634761317,176.03315433000256,1024.5970458984375,58.26770745809274,0.16080851640014848,0.16959847036328876,0.13576440656106106,-3.5547434413940664,-2.3986497335097283,1.0154191012111369,3.5547434413940664,2.3986497335097283,1.4995430930919913,3.5547434413940664,2.3986497335097283,24.064396364101906,24.417050691244256,24.00599786323558,24.262511584800748,52.132078692442306,52.41705069124427,53.10900040259067,52.262511584800755,1.9780651218367262,2.0,1.9215050660010942,2.0,1023.6790602746369,1024.780544761252,"{""type"":""LineString"",""coordinates"":[[-111.4634509919271,31.639788315283816],[-111.4621616981129,31.64053641674451]]}"
0000000000000000014d,AZ669,Breach and Flank,53875,68,TCD,,184.799648683,,Berm,89.99999999999989,-89.99999999999996,-48.73624215600153,1086.7821829449495,1,0.06339955800897468,0.3460590894960557,0000000000000000014d,0,31.63837908852097,-111.52536683555817,85.8129858687123,1086.4565007327533,225.8605101708275,0.20854733038007228,0.2084245076586433,0.1534347731266103,-2.5360098164326246,-2.3322689863319965,1.6853711330236367,2.5360098164326246,2.3322689863319965,1.3153294777528877,2.5360098164326246,2.3322689863319965,22.83649259612591,22.55499792617172,21.104045663126165,22.81218928374148,50.79787631175076,51.0,53.29668329963955,51.0,1.934091003359741,1.5549979261717137,1.2993132881943323,1.8121892837414837,1085.5870704446024,1086.6646254968825,"{""type"":""LineString"",""coordinates"":[[-111.526043438603,31.637955893890474],[-111.5251550252836,31.638219302175095],[-111.52515419515308,31.639003036298348],[-111.52508118748165,31.63905259966437]]}"
00000000000000000236,AZ669,Breach and Flank,53875,68,TCD,,42.5248305495,,Berm,-180.0,-90.00000000000003,-54.757662238414675,1099.0955545545924,1,0.49263227603132564,0.1563894144752664,00000000000000000236,0,31.644718659845154,-111.5336666779489,47.353788311268175,1098.6587736495817,605.5923866521582,0.1542892408969348,0.1342868903066475,0.14355892630434505,-2.34091305274751,-2.23821426381096,0.8027902604847743,2.34091305274751,2.23821426381096,1.1959569978345523,2.34091305274751,2.23821426381096,21.935364347468102,22.355458036204062,21.91607447746822,23.0,52.0,52.322270981897994,52.786511950326776,52.0,1.0,1.0,1.0,1.0,1097.7695692603027,1098.9887764901275,"{""type"":""LineString"",""coordinates"":[[-111.53379709596072,31.644565261408193],[-111.53365133707005,31.6447091813659],[-111.53356860147659,31.644888665378208]]}"
0000000000000000024d,AZ669,Breach and Flank,53875,68,TCD,,105.565025477,,Berm,-13.220748901367159,2.842170943040401E-14,-23.97285074006386,1146.0338835869165,1,0.2153963774693298,-0.06747077398437794,0000000000000000024d,0,31.644764304912638,-111.56506974872032,169.5434715450641,1138.8023297345198,1159.5598533318946,0.11124152013559754,0.17318142903088937,0.1454352149379683,-2.616584210069277,-2.6011960152038682,0.8009271355873201,2.616584210069277,2.6011960152038682,0.8051927465370075,2.616584210069277,2.6011960152038682,22.47368421052631,22.67271014834001,22.537009694594,22.1541822721598,51.05263157894736,49.986461031316225,51.95831622815007,51.6916354556804,1.0,1.0,1.2527205965864938,1.0,1137.8474161956642,1139.1526668485278,"{""type"":""LineString"",""coordinates"":[[-111.5655631313084,31.644544915435517],[-111.56457636380367,31.644983692492147]]}"
00000000000000000304,AZ669,Breach and Flank,53875,68,MLC;110222,,55.7306671472,,Berm,-49.589601030823246,90.0,-78.31885303653641,1086.5311140172996,1,0.6931344117924066,1.7616634028696332,00000000000000000304,0,31.63808201983024,-111.52259449712372,79.79407691679334,1082.802958064054,291.8501288557659,0.2425431711145997,0.29420767600659287,0.15345877633369476,-2.4039083328370907,-2.3728098271921,0.8029280857173641,2.4039083328370907,2.3728098271921,2.0392506333485017,2.4039083328370907,2.3728098271921,20.0,21.111985536530884,20.754525369167627,20.0,53.0,51.33202169520364,55.13679823113596,53.0,1.0,1.555992768265447,1.4888192292203648,1.0,1082.1801733640161,1083.3050081905676,"{""type"":""LineString"",""coordinates"":[[-111.52264546507655,31.637835495757034],[-111.52254352890067,31.638328543883205]]}"
0000000000000000011c,AZ669,,53875,68,MLC,,78.924467587,,Spur,-89.99999999999994,-105.84446716308594,-23.838205929847394,1030.2213395764868,0,-0.5794994582159205,-0.19753322144894234,0000000000000000011c,1,31.632766395560274,-111.47361788756771,139.89858325095554,1028.344970703125,215.08685517805532,0.13948685857321652,0.11765690561184089,0.13141880603270875,-3.191310642482449,-1.0154894128340857,1.8933832077751351,3.191310642482449,1.0154894128340857,0.5051925327181076,3.191310642482449,1.0154894128340857,23.0,24.372458336655768,23.61715546540951,23.0,54.0,53.313770831672116,53.7179859664512,54.0,2.0,2.0,2.0,2.0,1027.6948320467184,1028.3082897372503,"{""type"":""LineString"",""coordinates"":[[-111.47395202189607,31.63257076112],[-111.47366003657818,31.632795768695665],[-111.47323651178112,31.63288690877786]]}"
000000000000000000bc,AZ669,,53886,73,MLC,Watercontrol,15.3459000001,Watercontrol,Concrete Structure,90.0,166.77874755859375,-0.2007395782553044,1023.52001953125,0,-5.2823182717377755,-0.9021350748452469,000000000000000000bc,0,31.64873600265334,-111.44721622370457,148.51335505998807,1024.3740234375,64.48772284004706,0.19995117187499994,0.20246839253461774,0.11967292766635602,-3.184900910886654,-2.7571818033853788,1.2082926432291667,3.184900910886654,2.7571818033853788,3.3171251085070708,3.184900910886654,2.7571818033853788,27.610854147394388,28.0,24.577909980061857,28.0,51.19457292630281,51.0,52.83986380360895,51.0,2.0,2.0,1.6634832915861693,2.0,1024.489717473977,1025.458468967014,"{""type"":""LineString"",""coordinates"":[[-111.44729736949468,31.648735718326826],[-111.44713507791397,31.64873628692851]]}"
000000000000000000bd,AZ669,,53738,1,MLC,Watercontrol,9.04243517568,Watercontrol,Concrete Structure,-66.94384002685547,-166.77856731414795,-17.00665464701527,1024.3740234375,0,-0.1673978537460956,-1.0603082848620384,000000000000000000bd,0,31.650174743183328,-111.44688804795942,149.1977737407663,1023.52001953125,78.5927195580187,0.12072324363813464,0.2155110793423874,0.12256960766599496,-5.97698974609375,-4.47773002397895,1.0106589577416496,5.97698974609375,4.47773002397895,4.056967227214348,5.97698974609375,4.47773002397895,26.0,26.0,24.355644360600092,26.0,52.0,52.0,53.17589493445086,52.0,2.0,2.0,1.618545994170427,2.0,1020.6445215713968,1025.7591530819288,"{""type"":""LineString"",""coordinates"":[[-111.44693248366346,31.65016115217195],[-111.44684361224239,31.650188334179305]]}"
000000000000000000d1,AZ669,,53875,68,MLC,Watercontrol,16.4355952136,Watercontrol,Concrete Structure,90.0,-108.80499267578124,55.47098457093692,1023.2710281808036,0,0.1984070186270306,-0.0932479197446079,000000000000000000d1,1,31.645425184471833,-111.42700740253322,8.240084845467191,1024.011962890625,206.00218710617926,0.1444803322182489,0.14526033004989122,0.1435994210722082,-1.26300048828125,-0.6971638997396212,-1.3187662760416667,1.26300048828125,0.6971638997396212,-1.2333170572916667,1.26300048828125,0.6971638997396212,24.0,23.045120320855617,23.6989786792888,24.0,55.0,55.95487967914439,54.67913919240913,55.0,1.0,1.0,1.2650207126851603,1.0,1023.1920460993701,1024.1477973123933,"{""type"":""LineString"",""coordinates"":[[-111.42702189289083,31.64548660093984],[-111.42703733189349,31.645428328983908],[-111.42694811105571,31.645379364083997]]}"
000000000000000000d3,AZ669,Breach,53738,1,MLC,Watercontrol,23.1144450511,Watercontrol,Concrete Structure,130.41168198458195,113.06005859375,-14.077516929626604,1034.2775587390174,0,-0.5054964699886662,-0.6002610754722735,000000000000000000d3,1,31.633319188179946,-111.42346706724815,112.26035198068834,1032.0400390625,370.59849186449907,0.15965677256949928,0.17934407543077213,0.14988756108925316,-1.3278340847691652,-1.1227169945126434,0.5747606703713851,1.3278340847691652,1.1227169945126434,0.3454342589554926,1.3278340847691652,1.1227169945126434,24.0,24.0,23.916103831250236,24.0,55.0,55.0,54.808961351381306,55.0,1.0,1.0,1.2466707640892936,1.0,1031.716600501019,1032.2404715941125,"{""type"":""LineString"",""coordinates"":[[-111.4235847085357,31.633289687738234],[-111.42334942588597,31.633348688513806]]}"
0000000000000000001a,AZ669,Flank,53875,68,MLC,Rockgabion,40.6133302307,Rockgabion,Rock Gabion Structure,-89.99999999999997,102.01541137695318,8.200288335911994,1023.5874294201769,0,3.154573430601336,2.995575555845154,0000000000000000001a,1,31.641516108453153,-111.46615814753532,181.1551321679617,1019.4130249023438,41.45797541222507,0.1729070256625999,0.22752808988764042,0.14154209984044197,-0.8442097373346088,-0.928402710859018,0.5426598772140778,0.8442097373346088,0.928402710859018,0.4591170072493848,0.8442097373346088,0.928402710859018,24.0,24.0,25.0641215694558,24.0,51.0,51.0,51.10086795267473,51.0,2.0,2.0,1.921010791925031,2.0,1019.3199317869075,1020.306188842463,"{""type"":""LineString"",""coordinates"":[[-111.46637031316095,31.64154668289124],[-111.46594598204923,31.64148553366419]]}"
00000000000000000027,AZ669,Breach and Flank,53875,68,MLC,Rockgabion,23.8595944137,Rockgabion,Rock Gabion Structure,89.99999999999994,-138.62426376342776,34.33752234981696,1030.468818949379,0,4.6856541152232385,5.497521418775681,00000000000000000027,1,31.63226240599279,-111.47498726565388,109.73539287090173,1025.887939453125,273.62208047409774,0.17084148727984347,0.16849324336767502,0.14394658716143766,-1.8958841771604964,-2.556813828881559,0.5625406901041667,1.8958841771604964,2.556813828881559,1.0614892388135406,1.8958841771604964,2.556813828881559,23.82309974891578,24.005922551252848,24.014186712332442,24.338862559241704,53.57589591417486,53.0,52.44239959328929,53.0,2.0,2.0,2.0,2.0,1025.6953914866729,1026.796590493197,"{""type"":""LineString"",""coordinates"":[[-111.4749027279022,31.6321865576725],[-111.47498695406287,31.632280292476665],[-111.4750918215675,31.6323157301664]]}"
